year,sex,value,note,lid
1982,2,156.2347247964958,,35
1983,2,156.5289372991966,,35
1984,2,156.8296990656738,,35
1985,2,157.0999033033749,,35
1986,2,157.3244865401157,,35
1987,2,157.50543039316,,35
1988,2,157.6510470548254,,35
1989,2,157.7644075504815,,35
1990,2,157.8492434714593,,35
1991,2,157.9180912770703,,35
1992,2,157.9781091886479,,35
1993,2,158.0269554809957,,35
1994,2,158.0616938819678,,35
1995,2,158.0867275422414,,35
1996,2,158.1125183074367,,35
1997,2,158.1499958108577,,35
1998,2,158.2056409048819,,35
1999,2,158.2844203200509,,35
2000,2,158.3887806787305,,35
2001,2,158.5192687712816,,35
2002,2,158.6765575670188,,35
1955,2,158.8206306401871,,36
1956,2,158.6755081477411,,36
1957,2,158.590429442304,,36
1958,2,158.5695109477453,,36
1959,2,158.5876762600259,,36
1960,2,158.6291311717715,,36
1961,2,158.6829472454163,,36
1962,2,158.7429141880662,,36
1963,2,158.8172219508657,,36
1964,2,158.9107707968258,,36
1965,2,159.0222609873418,,36
1966,2,159.1445763446302,,36
1967,2,159.2667712801237,,36
1968,2,159.376972336214,,36
1969,2,159.4711840143855,,36
1970,2,159.5469639281249,,36
1971,2,159.6019460717095,,36
1972,2,159.6345781905973,,36
1973,2,159.6450069814989,,36
1974,2,159.6337581466318,,36
1975,2,159.6019605307575,,36
1976,2,159.5509612491543,,36
1977,2,159.485949309319,,36
1978,2,159.4121170268384,,36
1979,2,159.3318133869269,,36
1980,2,159.248717696015,,36
1981,2,159.1642968098857,,36
1982,2,159.0788218384178,,36
1983,2,158.9920649826194,,36
1984,2,158.9044661177129,,36
1985,2,158.8191391999655,,36
1986,2,158.7393973597142,,36
1987,2,158.6680799764254,,36
1988,2,158.6078234517115,,36
1989,2,158.5591203499245,,36
1990,2,158.5211971196244,,36
1991,2,158.4962302056563,,36
1992,2,158.4868595771819,,36
1993,2,158.5022890032848,,36
1994,2,158.545705298916,,36
1995,2,158.6116595045103,,36
1996,2,158.6946652163256,,36
1997,2,158.79366818878,,36
1952,2,160.4930464075392,,38
1953,2,160.6612828363156,,38
1954,2,160.8315733047514,,38
1955,2,160.9956775109482,,38
1956,2,161.1400521670662,,38
1957,2,161.2617264466605,,38
1958,2,161.368332496129,,38
1959,2,161.4637867440156,,38
1960,2,161.5470807192414,,38
1961,2,161.6149435431136,,38
1962,2,161.6637254029646,,38
1963,2,161.6935869598577,,38
1964,2,161.7091159647593,,38
1965,2,161.7148144748083,,38
1966,2,161.7137117789016,,38
1967,2,161.7072296115984,,38
1968,2,161.6968489347643,,38
1969,2,161.6880367629513,,38
1970,2,161.6855743644603,,38
1971,2,161.6911568052527,,38
1972,2,161.7055496612759,,38
1973,2,161.7271189741552,,38
1974,2,161.7539565721618,,38
1975,2,161.787334829709,,38
1976,2,161.8257359616914,,38
1977,2,161.8629580706977,,38
1978,2,161.8947452743737,,38
1979,2,161.9189138890224,,38
1980,2,161.9336204504623,,38
1981,2,161.9401251896853,,38
1982,2,161.9407126609696,,38
1983,2,161.9378206379967,,38
1984,2,161.9345814513048,,38
1985,2,161.9354998148554,,38
1986,2,161.9433838518538,,38
1987,2,161.958765563131,,38
1988,2,161.9807986241417,,38
1989,2,162.0059842392179,,38
1990,2,162.0294133234142,,38
1991,2,162.047834836063,,38
1992,2,162.0620677304559,,38
1993,2,162.0735047703481,,38
1994,2,162.0811250218993,,38
1995,2,162.0787023040275,,38
1996,2,162.0606606918314,,38
1997,2,162.0247751436942,,38
1998,2,161.9718907478332,,38
1999,2,161.9189980268083,,38
2000,2,161.8853106735069,,38
1969,2,154.9642367675495,,39
1970,2,155.2764434361081,,39
1971,2,155.5065229705674,,39
1972,2,155.6836785669799,,39
1973,2,155.8142604622866,,39
1974,2,155.8935623068089,,39
1975,2,155.9337379543068,,39
1976,2,155.9419667061115,,39
1977,2,155.9204931481868,,39
1978,2,155.8729827599261,,39
1979,2,155.8069557000961,,39
1980,2,155.7259502018233,,39
1981,2,155.636012956623,,39
1982,2,155.5451199951317,,39
1983,2,155.4553783636664,,39
1984,2,155.3685955774839,,39
1985,2,155.2885889490872,,39
1986,2,155.2199198005901,,39
1987,2,155.1648935765596,,39
1988,2,155.1242341971916,,39
1989,2,155.0984571739509,,39
1990,2,155.0883491610795,,39
1991,2,155.0964704596486,,39
1992,2,155.1296858562841,,39
1993,2,155.1962235353719,,39
1994,2,155.3097461800224,,39
1995,2,155.5016752576374,,39
1996,2,155.8004594130397,,39
1957,2,159.6506547452757,,41
1958,2,159.6868336795928,,41
1959,2,159.7939411474003,,41
1960,2,159.896818515397,,41
1961,2,159.9959545200908,,41
1962,2,160.0927290564661,,41
1963,2,160.1759891876804,,41
1964,2,160.2472774166055,,41
1965,2,160.3145146752932,,41
1966,2,160.3773690744238,,41
1967,2,160.4346705904788,,41
1968,2,160.4814767803725,,41
1969,2,160.5193015465645,,41
1970,2,160.5538042696526,,41
1971,2,160.5856657616539,,41
1972,2,160.6147265081654,,41
1973,2,160.6403626520392,,41
1974,2,160.6625877404533,,41
1975,2,160.6822039004388,,41
1976,2,160.699964402646,,41
1977,2,160.7167680773497,,41
1978,2,160.7339188504238,,41
1979,2,160.7537096130015,,41
1980,2,160.77489227558,,41
1981,2,160.79555876047,,41
1982,2,160.8169576663904,,41
1983,2,160.8405001437901,,41
1984,2,160.8693536608014,,41
1985,2,160.9076301857774,,41
1986,2,160.9544201126608,,41
1987,2,161.0033721235438,,41
1988,2,161.0477404754295,,41
1989,2,161.0844799986134,,41
1990,2,161.1135798578628,,41
1991,2,161.1342517555083,,41
1992,2,161.1453316641418,,41
1993,2,161.1456027284694,,41
1994,2,161.1292492357515,,41
1995,2,161.0826439049769,,41
1996,2,160.9819415720567,,41
1997,2,160.7750000456543,,41
1953,2,156.0089218644339,,42
1954,2,156.5961882192987,,42
1955,2,157.1454991966693,,42
1956,2,157.643556449476,,42
1957,2,158.0553751449448,,42
1958,2,158.3849304969108,,42
1959,2,158.6473948401713,,42
1960,2,158.8499845265203,,42
1961,2,158.9961549084751,,42
1962,2,159.0926642759328,,42
1963,2,159.1453696307959,,42
1964,2,159.157233485021,,42
1965,2,159.1324728932656,,42
1966,2,159.0824709469314,,42
1967,2,159.0154761710293,,42
1968,2,158.9359889073314,,42
1969,2,158.8507196026238,,42
1970,2,158.7667910025737,,42
1971,2,158.6886013166565,,42
1972,2,158.6180373542721,,42
1973,2,158.5509636378214,,42
1974,2,158.4599795666955,,42
1956,2,163.350946637778,,43
1957,2,163.2800193391154,,43
1958,2,163.2347612107277,,43
1959,2,163.1969109516514,,43
1960,2,163.1626567658205,,43
1961,2,163.1349336006033,,43
1962,2,163.1104392285204,,43
1963,2,163.0840707193431,,43
1964,2,163.0526299872744,,43
1965,2,163.0161934658123,,43
1966,2,162.9756709843261,,43
1967,2,162.936503202805,,43
1968,2,162.9035503672746,,43
1969,2,162.8776268872101,,43
1970,2,162.8578381827866,,43
1971,2,162.8411325684819,,43
1972,2,162.8242942221091,,43
1973,2,162.8087975016437,,43
1974,2,162.7971222093825,,43
1975,2,162.7855169322242,,43
1976,2,162.76856852912,,43
1977,2,162.7453160097988,,43
1978,2,162.7187001191282,,43
1979,2,162.689688489463,,43
1980,2,162.6593940190769,,43
1981,2,162.6315191149257,,43
1982,2,162.6078998073085,,43
1983,2,162.5894632666675,,43
1984,2,162.5765093040541,,43
1985,2,162.5724959259116,,43
1986,2,162.5786257320854,,43
1987,2,162.5916028093737,,43
1988,2,162.6090432762667,,43
1989,2,162.627905862369,,43
1990,2,162.6449540920818,,43
1991,2,162.6572201565194,,43
1992,2,162.6538921392115,,43
1993,2,162.6088430454851,,43
1994,2,162.5224485419812,,43
1955,2,155.6844357586346,,44
1956,2,155.5889704614873,,44
1957,2,155.4842941212941,,44
1958,2,155.3538585887696,,44
1959,2,155.2014297598824,,44
1960,2,155.0531720163625,,44
1961,2,154.9204060874787,,44
1962,2,154.804512880986,,44
1963,2,154.7321164571169,,44
1964,2,154.7171826711183,,44
1965,2,154.7392768269397,,44
1966,2,154.7892852853047,,44
1967,2,154.8687455321282,,44
1968,2,154.982854539662,,44
1969,2,155.1468252181157,,44
1970,2,155.3683798523859,,44
1971,2,155.6224012685576,,44
1972,2,155.8701248519322,,44
1973,2,156.0853502433957,,44
1974,2,156.2569742959082,,44
1975,2,156.3894650290642,,44
1976,2,156.4902457574196,,44
1977,2,156.5705364780332,,44
1978,2,156.6374307360018,,44
1979,2,156.6898165248326,,44
1980,2,156.725654383243,,44
1981,2,156.7449977987489,,44
1982,2,156.7547695587429,,44
1983,2,156.7608174469727,,44
1984,2,156.764938322193,,44
1985,2,156.7655743496108,,44
1986,2,156.7536265992531,,44
1987,2,156.7201716440161,,44
1988,2,156.6657081416231,,44
1989,2,156.6014711351117,,44
1990,2,156.5380564146397,,44
1991,2,156.4875065422894,,44
1964,2,158.6997962739921,,45
1965,2,158.7007558298821,,45
1966,2,158.7182810545958,,45
1967,2,158.761964414983,,45
1968,2,158.8127360905936,,45
1969,2,158.8511693839827,,45
1970,2,158.8742854776991,,45
1971,2,158.8834487299495,,45
1972,2,158.8833916388674,,45
1973,2,158.8760235486308,,45
1974,2,158.8606898000374,,45
1975,2,158.8365839725565,,45
1976,2,158.807118777363,,45
1977,2,158.7756733088027,,45
1978,2,158.7444370594878,,45
1979,2,158.7150882807195,,45
1980,2,158.6928994262385,,45
1981,2,158.688715670595,,45
1982,2,158.7106630765996,,45
1983,2,158.760037269549,,45
1984,2,158.8340426790608,,45
1985,2,158.9315028419329,,45
1986,2,159.0556941385773,,45
1987,2,159.2128444032926,,45
1988,2,159.4052310871652,,45
1989,2,159.6334343619873,,45
1990,2,159.8903587738684,,45
1991,2,160.1616308658175,,45
1966,2,158.5056144915609,,46
1967,2,158.5176729863529,,46
1968,2,158.4451907180829,,46
1969,2,158.3600764402974,,46
1970,2,158.2912404875985,,46
1971,2,158.2378945383614,,46
1972,2,158.1805106771141,,46
1973,2,158.1093068932744,,46
1974,2,158.0209035746496,,46
1975,2,157.9188252079385,,46
1976,2,157.8132059419425,,46
1977,2,157.7047656947351,,46
1978,2,157.59396493892,,46
1979,2,157.4855769962847,,46
1980,2,157.3831965113638,,46
1981,2,157.2934515549817,,46
1982,2,157.2217771560846,,46
1983,2,157.1671294531509,,46
1984,2,157.1339253435888,,46
1985,2,157.1222640318043,,46
1986,2,157.1272644535404,,46
1987,2,157.1443334893436,,46
1988,2,157.1658883498876,,46
1989,2,157.1837442905589,,46
1990,2,157.1938852513707,,46
1991,2,157.2001642804311,,46
1992,2,157.2059211700842,,46
1993,2,157.2145173266724,,46
1994,2,157.2267237938975,,46
1995,2,157.2358377800953,,46
1996,2,157.2416651726825,,46
1997,2,157.2571425706684,,46
1998,2,157.292035324174,,46
1999,2,157.3478730323439,,46
2000,2,157.4217951146319,,46
2001,2,157.505062231674,,46
2002,2,157.6065064139427,,46
2003,2,157.7547821219755,,46
1953,2,158.0960453336887,,47
1954,2,158.3173128131526,,47
1955,2,158.5196577593288,,47
1956,2,158.6923996227701,,47
1957,2,158.8471929703963,,47
1958,2,158.9878383210709,,47
1959,2,159.1079194593497,,47
1960,2,159.2004866936051,,47
1961,2,159.2619020688417,,47
1962,2,159.2969219776906,,47
1963,2,159.3089908944938,,47
1964,2,159.3011372728099,,47
1965,2,159.2800118825878,,47
1966,2,159.2556839491957,,47
1967,2,159.2350121381668,,47
1968,2,159.2227978701406,,47
1969,2,159.2229444547455,,47
1970,2,159.23316280595,,47
1971,2,159.2494992925366,,47
1972,2,159.2712740821187,,47
1973,2,159.3060051700125,,47
1974,2,159.3567356498455,,47
1975,2,159.4101707745768,,47
1976,2,159.4588306309481,,47
1977,2,159.5008299372404,,47
1978,2,159.5353133811953,,47
1979,2,159.5644878189572,,47
1980,2,159.5907754625723,,47
1981,2,159.6112376701725,,47
1982,2,159.6214008889231,,47
1983,2,159.6262780120284,,47
1984,2,159.629958788352,,47
1985,2,159.6296351806802,,47
1986,2,159.6188938151344,,47
1987,2,159.5937647148396,,47
1988,2,159.5541877985978,,47
1989,2,159.5060008722636,,47
1990,2,159.4621096034208,,47
1991,2,159.4327303170832,,47
1992,2,159.416514152819,,47
1993,2,159.4076571692551,,47
1994,2,159.4027884290212,,47
1995,2,159.4062356248096,,47
1996,2,159.4254313733975,,47
1997,2,159.4715440362265,,47
1998,2,159.5606258485948,,47
1999,2,159.7082039162367,,47
2000,2,159.9180917931148,,47
1951,2,156.2458967473424,,49
1952,2,156.3356937758764,,49
1953,2,156.4633212061942,,49
1954,2,156.5964809884537,,49
1955,2,156.7298914898203,,49
1956,2,156.8597841282348,,49
1957,2,156.9913516190054,,49
1958,2,157.1259830096229,,49
1959,2,157.2632288163189,,49
1960,2,157.4071067205272,,49
1961,2,157.5579493648431,,49
1962,2,157.7104417505619,,49
1963,2,157.8590254861974,,49
1964,2,157.9993860539515,,49
1965,2,158.1294357005617,,49
1966,2,158.2485842177796,,49
1967,2,158.3578299344196,,49
1968,2,158.4587753889556,,49
1969,2,158.5517193279077,,49
1970,2,158.6364631762743,,49
1971,2,158.7142081515867,,49
1972,2,158.7870494837902,,49
1973,2,158.856922441457,,49
1974,2,158.9251115041066,,49
1975,2,158.9924558852931,,49
1976,2,159.0593436546242,,49
1977,2,159.1254543529489,,49
1978,2,159.1899029256125,,49
1979,2,159.2505917846343,,49
1980,2,159.3055573404033,,49
1981,2,159.3538985845746,,49
1982,2,159.3947027292439,,49
1983,2,159.4247102553683,,49
1984,2,159.4416368995281,,49
1985,2,159.4459099835237,,49
1986,2,159.436326411952,,49
1987,2,159.411134631953,,49
1988,2,159.371820788539,,49
1989,2,159.31992955149,,49
1990,2,159.2541925574883,,49
1991,2,159.17039368017,,49
1992,2,159.0595680871933,,49
1993,2,158.9157491667974,,49
1965,2,158.8203155579117,,52
1966,2,158.9432682999924,,52
1967,2,159.0277617746938,,52
1968,2,159.1202783343825,,52
1969,2,159.2201052914219,,52
1970,2,159.3063102158583,,52
1971,2,159.3649888083642,,52
1972,2,159.3940229056795,,52
1973,2,159.3993780948988,,52
1974,2,159.3844706888359,,52
1975,2,159.351892499677,,52
1976,2,159.300866228754,,52
1977,2,159.2299601859858,,52
1978,2,159.1429336785918,,52
1979,2,159.0432101486045,,52
1980,2,158.9313767741508,,52
1981,2,158.8073678025464,,52
1982,2,158.6790898414934,,52
1983,2,158.5632387093316,,52
1984,2,158.4687712884602,,52
1985,2,158.3841451788887,,52
1986,2,158.2685468487994,,52
1959,2,156.4118701813227,,53
1960,2,156.4886342504602,,53
1961,2,156.5518824164405,,53
1962,2,156.5799645194678,,53
1963,2,156.5748645114602,,53
1964,2,156.5535065869988,,53
1965,2,156.5270625269384,,53
1966,2,156.4992979390981,,53
1967,2,156.4726070041887,,53
1968,2,156.4480213184098,,53
1969,2,156.4256412877115,,53
1970,2,156.408433728215,,53
1971,2,156.3984741330428,,53
1972,2,156.3953160532049,,53
1973,2,156.4006495721843,,53
1974,2,156.4152770139723,,53
1975,2,156.439040502475,,53
1976,2,156.4704068056724,,53
1977,2,156.5044515871786,,53
1978,2,156.5369238967489,,53
1979,2,156.5673525707364,,53
1980,2,156.5976835355126,,53
1981,2,156.6298546611656,,53
1982,2,156.6660551208764,,53
1983,2,156.7070409307446,,53
1984,2,156.7523163616505,,53
1985,2,156.8030546499379,,53
1986,2,156.8591574835717,,53
1987,2,156.9193121769472,,53
1988,2,156.9830303983522,,53
1989,2,157.0496621799123,,53
1990,2,157.1193112506104,,53
1991,2,157.1918033286581,,53
1992,2,157.2616548201428,,53
1993,2,157.3170532732889,,53
1994,2,157.3422821716043,,53
1995,2,157.3208516281023,,53
1959,2,159.1868148911457,,54
1960,2,159.0826981579129,,54
1961,2,158.957513712092,,54
1962,2,158.8459313056489,,54
1963,2,158.802707540503,,54
1964,2,158.8253597861914,,54
1965,2,158.8712379459972,,54
1966,2,158.9216477104789,,54
1967,2,158.9742399195009,,54
1968,2,159.0299698739467,,54
1969,2,159.089400384381,,54
1970,2,159.1518420909387,,54
1971,2,159.2171261459262,,54
1972,2,159.2887923579931,,54
1973,2,159.3740545598697,,54
1974,2,159.4806220057344,,54
1975,2,159.6014466989427,,54
1976,2,159.7284520091686,,54
1977,2,159.8581677108828,,54
1978,2,159.9841780704722,,54
1979,2,160.1010388463962,,54
1980,2,160.2042756733869,,54
1981,2,160.2913981443736,,54
1982,2,160.3579639102697,,54
1983,2,160.403432795358,,54
1984,2,160.4295646203733,,54
1985,2,160.4373893972501,,54
1986,2,160.4267589869853,,54
1987,2,160.4025900890933,,54
1988,2,160.375059995506,,54
1989,2,160.350900350413,,54
1990,2,160.334645334425,,54
1991,2,160.3272553432029,,54
1992,2,160.3278261720415,,54
1993,2,160.3355970348949,,54
1994,2,160.3504573854116,,54
1995,2,160.3707785889784,,54
1996,2,160.396161741629,,54
1997,2,160.4306833946542,,54
1998,2,160.4786043536863,,54
1999,2,160.5517469156176,,54
2000,2,160.6420392282079,,54
1972,2,162.0744398782693,,55
1973,2,162.2891872719102,,55
1974,2,162.3720203408002,,55
1975,2,162.3786131096695,,55
1976,2,162.3565372516866,,55
1977,2,162.3331058494799,,55
1978,2,162.3161956022099,,55
1979,2,162.3038339343757,,55
1980,2,162.3004376652682,,55
1981,2,162.308406540295,,55
1982,2,162.3249794996555,,55
1983,2,162.3476446805887,,55
1984,2,162.3733233482448,,55
1985,2,162.3952845349686,,55
1986,2,162.4069326979215,,55
1987,2,162.4083913870523,,55
1988,2,162.3989344527232,,55
1989,2,162.3746064966858,,55
1990,2,162.3348356652598,,55
1991,2,162.2825472840113,,55
1992,2,162.2245714541025,,55
1993,2,162.1671865382469,,55
1994,2,162.1132238874197,,55
1995,2,162.0642964879536,,55
1996,2,162.0274065514161,,55
1997,2,162.0121434048347,,55
1998,2,162.010298583799,,55
1999,2,161.9887434092921,,55
1952,2,158.9834547206044,,56
1953,2,158.8970528017295,,56
1954,2,158.8323106178136,,56
1955,2,158.8219247619274,,56
1956,2,158.846607103471,,56
1957,2,158.8839365595,,56
1958,2,158.9192208315798,,56
1959,2,158.9472330296229,,56
1960,2,158.9710023592939,,56
1961,2,158.9939358066359,,56
1962,2,159.0145554177034,,56
1963,2,159.0324188959794,,56
1964,2,159.0497550571755,,56
1965,2,159.0648044726685,,56
1966,2,159.0732678397403,,56
1967,2,159.0716620186991,,56
1968,2,159.05945759337,,56
1969,2,159.0385213818645,,56
1970,2,159.0114140542936,,56
1971,2,158.9818008711714,,56
1972,2,158.9543387096545,,56
1973,2,158.9324897434863,,56
1974,2,158.9163698776034,,56
1975,2,158.9054538210964,,56
1976,2,158.8997484512729,,56
1977,2,158.9011250985651,,56
1978,2,158.9127902105233,,56
1979,2,158.9354678382337,,56
1980,2,158.9702431760705,,56
1981,2,159.018756254966,,56
1982,2,159.0797212370781,,56
1983,2,159.1467862623599,,56
1984,2,159.2153049770317,,56
1985,2,159.2833460152054,,56
1986,2,159.3494660694029,,56
1987,2,159.4150534322302,,56
1988,2,159.480062808841,,56
1989,2,159.5435244262884,,56
1990,2,159.6059099977358,,56
1991,2,159.6681005856171,,56
1992,2,159.7302567538838,,56
1993,2,159.7915528292615,,56
1994,2,159.8520503503585,,56
1995,2,159.9140430904674,,56
1996,2,159.9831517307592,,56
1997,2,160.0649634191405,,56
1998,2,160.1638312086828,,56
1999,2,160.2798417489298,,56
2000,2,160.4061207928126,,56
2001,2,160.5306374604258,,56
2002,2,160.6532288442673,,56
1958,2,159.3120636619644,,57
1959,2,159.1833213713874,,57
1960,2,159.102279486493,,57
1961,2,159.0337674289295,,57
1962,2,158.9680599918745,,57
1963,2,158.9096023843142,,57
1964,2,158.868304885802,,57
1965,2,158.8428977585914,,57
1966,2,158.8284585951839,,57
1967,2,158.8219358464276,,57
1968,2,158.8224062242534,,57
1969,2,158.82852310791,,57
1970,2,158.8378426795559,,57
1971,2,158.8480090008845,,57
1972,2,158.8584495893477,,57
1973,2,158.8701126155089,,57
1974,2,158.8887795253364,,57
1975,2,158.9160026562296,,57
1976,2,158.9491174051883,,57
1977,2,158.9899138428058,,57
1978,2,159.0391832557967,,57
1979,2,159.0939166646375,,57
1980,2,159.1521850878201,,57
1981,2,159.2146573733034,,57
1982,2,159.2788745127687,,57
1983,2,159.3413866662724,,57
1984,2,159.3993846757323,,57
1985,2,159.451913772707,,57
1986,2,159.496525369291,,57
1987,2,159.5244572036311,,57
1988,2,159.5291966515781,,57
1989,2,159.5113028266669,,57
1990,2,159.4700804172458,,57
1991,2,159.4046383152037,,57
1992,2,159.3148743199241,,57
1993,2,159.199901892466,,57
1994,2,159.0528018440806,,57
1995,2,158.8646090717672,,57
1996,2,158.6151590259967,,57
1997,2,158.2782881918185,,57
1952,2,158.9989094198825,,59
1953,2,158.9916367273678,,59
1954,2,158.9950613964399,,59
1955,2,159.0265353044135,,59
1956,2,159.0691853686993,,59
1957,2,159.1158342166529,,59
1958,2,159.1694922679502,,59
1959,2,159.2270912681493,,59
1960,2,159.2857996140564,,59
1961,2,159.3462940716029,,59
1962,2,159.4091547398,,59
1963,2,159.4736785106805,,59
1964,2,159.5375987156252,,59
1965,2,159.5997716492777,,59
1966,2,159.6605595969537,,59
1967,2,159.7192732576581,,59
1968,2,159.7751776155182,,59
1969,2,159.8280653840287,,59
1970,2,159.8779444818981,,59
1971,2,159.9231799073857,,59
1972,2,159.9619376642561,,59
1973,2,159.9916221935766,,59
1974,2,160.0117053887147,,59
1975,2,160.0246993260947,,59
1976,2,160.0328438926427,,59
1977,2,160.0365022999104,,59
1978,2,160.0364311414955,,59
1979,2,160.0346163182643,,59
1980,2,160.0326023460461,,59
1981,2,160.0315257529754,,59
1982,2,160.0343864333393,,59
1983,2,160.0447310826302,,59
1984,2,160.0637825264071,,59
1985,2,160.0924186974459,,59
1986,2,160.1290838423707,,59
1987,2,160.169637398874,,59
1988,2,160.2123806144795,,59
1989,2,160.2585155920318,,59
1990,2,160.3084359252757,,59
1991,2,160.361158086328,,59
1992,2,160.415813981915,,59
1993,2,160.4714355572038,,59
1994,2,160.52772913436,,59
1995,2,160.5853477551298,,59
1996,2,160.6450861413516,,59
1997,2,160.7076197391732,,59
1998,2,160.7733463835675,,59
1999,2,160.837868668208,,59
2000,2,160.8886951156385,,59
2001,2,160.9125661987081,,59
1963,2,155.9971103316564,,60
1964,2,156.4474901929644,,60
1965,2,156.8715467785467,,60
1966,2,157.2201578470446,,60
1967,2,157.4533817554072,,60
1968,2,157.603900288301,,60
1969,2,157.7049888986067,,60
1970,2,157.7715827495744,,60
1971,2,157.8124085990153,,60
1972,2,157.8332967229915,,60
1973,2,157.8350141808544,,60
1974,2,157.8148489462099,,60
1975,2,157.7808243496683,,60
1976,2,157.7400395126676,,60
1977,2,157.692550965378,,60
1978,2,157.6398524158938,,60
1979,2,157.5859091733757,,60
1980,2,157.534430311787,,60
1981,2,157.4851984282588,,60
1982,2,157.4361057607059,,60
1983,2,157.3832650219088,,60
1984,2,157.3289427943604,,60
1985,2,157.2800242124872,,60
1986,2,157.2403759194078,,60
1987,2,157.2090082543993,,60
1988,2,157.1852347909356,,60
1989,2,157.1685910243466,,60
1990,2,157.1574317463435,,60
1991,2,157.1524692841571,,60
1992,2,157.1524500707466,,60
1993,2,157.1516878119746,,60
1994,2,157.1467924214949,,60
1995,2,157.1393578195313,,60
1996,2,157.1297371341169,,60
1997,2,157.1151514840867,,60
1998,2,157.0945651877526,,60
1999,2,157.0654079099326,,60
2000,2,157.0171780146289,,60
2001,2,156.9367244622177,,60
2002,2,156.827784428009,,60
2003,2,156.6753223241311,,60
1966,2,158.4857907712604,,61
1967,2,158.3950360648186,,61
1968,2,158.3164685175883,,61
1969,2,158.2358432135014,,61
1970,2,158.1524834357186,,61
1971,2,158.0636335317915,,61
1972,2,157.9700779884968,,61
1973,2,157.8744420584709,,61
1974,2,157.7800987133867,,61
1975,2,157.6885784070769,,61
1976,2,157.6019725368856,,61
1977,2,157.5208305139739,,61
1978,2,157.4493333004202,,61
1979,2,157.3901615498218,,61
1980,2,157.3424216441245,,61
1981,2,157.3066360087186,,61
1982,2,157.2865602977023,,61
1983,2,157.2858179684973,,61
1984,2,157.3047912989643,,61
1985,2,157.3363530718223,,61
1986,2,157.3705267123168,,61
1987,2,157.4063232204329,,61
1988,2,157.4432426355313,,61
1989,2,157.472867406794,,61
1990,2,157.4906034492838,,61
1991,2,157.498051058606,,61
1992,2,157.4946668961486,,61
1993,2,157.4765910623838,,61
1994,2,157.4405689688901,,61
1995,2,157.3828463930293,,61
1996,2,157.3065631806704,,61
1997,2,157.2046218999507,,61
1998,2,157.0660036509895,,61
1999,2,156.8950769372172,,61
1956,2,153.3886343570928,,63
1957,2,153.3868133575083,,63
1958,2,153.4365938850138,,63
1959,2,153.5189802707738,,63
1960,2,153.6118976921229,,63
1961,2,153.7038121837865,,63
1962,2,153.7905523417999,,63
1963,2,153.8681668137401,,63
1964,2,153.9297982728167,,63
1965,2,153.9696268671766,,63
1966,2,153.9872993692112,,63
1967,2,153.985571652635,,63
1968,2,153.9644610827241,,63
1969,2,153.9244613400415,,63
1970,2,153.8668826571429,,63
1971,2,153.7965123879374,,63
1972,2,153.7199076897116,,63
1973,2,153.6426773061993,,63
1974,2,153.5676880018303,,63
1975,2,153.4968348644794,,63
1976,2,153.4313124460263,,63
1977,2,153.3709691913685,,63
1978,2,153.3151271715791,,63
1979,2,153.2634817269706,,63
1980,2,153.2159728145101,,63
1981,2,153.1731105841285,,63
1982,2,153.137560186348,,63
1983,2,153.1133916786544,,63
1984,2,153.1036070728311,,63
1985,2,153.1081217063477,,63
1986,2,153.1241568900124,,63
1987,2,153.1496671423957,,63
1988,2,153.182335451232,,63
1989,2,153.2171314825147,,63
1990,2,153.25139110361,,63
1991,2,153.2860870304333,,63
1992,2,153.3235254795461,,63
1993,2,153.3628774187506,,63
1994,2,153.3996489967976,,63
1995,2,153.4258320666522,,63
1996,2,153.4337827886324,,63
1997,2,153.4235326785702,,63
1998,2,153.4044519535483,,63
1999,2,153.3868796535208,,63
2000,2,153.3819895004092,,63
1951,2,156.7876761703717,,64
1952,2,156.6537737367838,,64
1953,2,156.5452220575812,,64
1954,2,156.4472252669831,,64
1955,2,156.3616835489621,,64
1956,2,156.2963492182585,,64
1957,2,156.2528046674715,,64
1958,2,156.2254628213772,,64
1959,2,156.212011009856,,64
1960,2,156.212392412564,,64
1961,2,156.2236923662248,,64
1962,2,156.2445083438614,,64
1963,2,156.2714715761377,,64
1964,2,156.2982873924392,,64
1965,2,156.3206309286497,,64
1966,2,156.3357478195981,,64
1967,2,156.3427248513572,,64
1968,2,156.3426463995619,,64
1969,2,156.3355145003952,,64
1970,2,156.3212945535788,,64
1971,2,156.3008500084335,,64
1972,2,156.2764634427572,,64
1973,2,156.2509151294547,,64
1974,2,156.225810301094,,64
1975,2,156.2023320387333,,64
1976,2,156.1823073565161,,64
1977,2,156.1666629007904,,64
1978,2,156.1555153559886,,64
1979,2,156.1491412441452,,64
1980,2,156.1471856336406,,64
1981,2,156.1481822322455,,64
1982,2,156.1497918967803,,64
1983,2,156.1504569475327,,64
1984,2,156.151340612089,,64
1985,2,156.1525294186198,,64
1986,2,156.1544012393268,,64
1987,2,156.1587459090366,,64
1988,2,156.1665925890197,,64
1989,2,156.1782784122485,,64
1990,2,156.1959276611899,,64
1991,2,156.2195850958393,,64
1992,2,156.2481091083549,,64
1993,2,156.2812617830262,,64
1994,2,156.3178495490833,,64
1995,2,156.3573390094997,,64
1996,2,156.3989237382613,,64
1997,2,156.4428822701817,,64
1998,2,156.4885357785532,,64
1999,2,156.5335665900434,,64
2000,2,156.5763531258629,,64
2001,2,156.6179031565093,,64
2002,2,156.665627984801,,64
2003,2,156.7254031443786,,64
1954,2,161.7374487579849,,65
1955,2,161.6915102738642,,65
1956,2,161.6581544482759,,65
1957,2,161.635470036949,,65
1958,2,161.6289234409747,,65
1959,2,161.629079467194,,65
1960,2,161.6306614375476,,65
1961,2,161.6341544226387,,65
1962,2,161.6417574284501,,65
1963,2,161.6511527136412,,65
1964,2,161.6613875555709,,65
1965,2,161.670494795726,,65
1966,2,161.6762097303903,,65
1967,2,161.6769604679446,,65
1968,2,161.6730116097465,,65
1969,2,161.6659315994799,,65
1970,2,161.6572305584455,,65
1971,2,161.6479127628966,,65
1972,2,161.6374333427624,,65
1973,2,161.6257507127092,,65
1974,2,161.6143871454833,,65
1975,2,161.6047814465307,,65
1976,2,161.5981862924274,,65
1977,2,161.596104019338,,65
1978,2,161.6009690791272,,65
1979,2,161.61566829716,,65
1980,2,161.6410153921731,,65
1981,2,161.673269709397,,65
1982,2,161.7082202183889,,65
1983,2,161.7427295835777,,65
1984,2,161.7770688934336,,65
1985,2,161.8116452532291,,65
1986,2,161.8448317976843,,65
1987,2,161.8772168100957,,65
1988,2,161.9062354602852,,65
1989,2,161.9269405011499,,65
1990,2,161.9391473294551,,65
1991,2,161.9447840039607,,65
1992,2,161.9429207374216,,65
1993,2,161.9332176187975,,65
1994,2,161.9169502558082,,65
1995,2,161.8968405954837,,65
1996,2,161.875601929447,,65
1997,2,161.8516365853362,,65
1998,2,161.8195893758962,,65
1999,2,161.7722205871022,,65
2000,2,161.7125862655367,,65
2001,2,161.6561336314729,,65
2002,2,161.6154247548083,,65
2003,2,161.584955494938,,65
1978,2,161.0706626932414,,66
1979,2,161.1094798911103,,66
1980,2,161.1007342333608,,66
1981,2,161.0892881416899,,66
1982,2,161.107290560918,,66
1983,2,161.1465450416052,,66
1984,2,161.1955985498484,,66
1985,2,161.2514873055503,,66
1986,2,161.3074962350508,,66
1987,2,161.3573284961186,,66
1988,2,161.3985286008536,,66
1989,2,161.4332152509917,,66
1990,2,161.4617589788423,,66
1991,2,161.4820395597989,,66
1992,2,161.4902673293976,,66
1993,2,161.483609457141,,66
1994,2,161.4583327994095,,66
1995,2,161.4150783759969,,66
1996,2,161.3574097297495,,66
1997,2,161.2951088754937,,66
1998,2,161.2384504119402,,66
1999,2,161.1818129670832,,66
2000,2,161.1054696311436,,66
1951,2,156.3146680613763,,69
1952,2,156.4078248551164,,69
1953,2,156.5009913986436,,69
1954,2,156.5797322905258,,69
1955,2,156.6780572323155,,69
1956,2,156.7956889070362,,69
1957,2,156.9194122738914,,69
1958,2,157.0462782533924,,69
1959,2,157.1760306735905,,69
1960,2,157.3090666354267,,69
1961,2,157.4470852533309,,69
1962,2,157.5906236660591,,69
1963,2,157.7369445382747,,69
1964,2,157.8849795428341,,69
1965,2,158.0336495897723,,69
1966,2,158.1765135875116,,69
1967,2,158.3047551371125,,69
1968,2,158.4142012468266,,69
1969,2,158.5046010036404,,69
1970,2,158.5765620162218,,69
1971,2,158.6352405555122,,69
1972,2,158.6867468470006,,69
1973,2,158.7332639727911,,69
1974,2,158.7718764077965,,69
1975,2,158.8009239109144,,69
1976,2,158.8255560670084,,69
1977,2,158.8510341910382,,69
1978,2,158.8827581275934,,69
1979,2,158.9258190435043,,69
1980,2,158.9824361679627,,69
1981,2,159.0548602391329,,69
1982,2,159.143638719726,,69
1983,2,159.2389897027725,,69
1956,2,156.131603644137,,70
1957,2,156.0890819452512,,70
1958,2,156.0516882596899,,70
1959,2,156.0216073886155,,70
1960,2,155.98915766066,,70
1961,2,155.9694013248554,,70
1962,2,155.9515084010483,,70
1963,2,155.9284350670906,,70
1964,2,155.8971016086737,,70
1965,2,155.8562138519548,,70
1966,2,155.8055293501858,,70
1967,2,155.7470229639387,,70
1968,2,155.683131284636,,70
1969,2,155.6177082986399,,70
1970,2,155.5563951461845,,70
1971,2,155.5012381478569,,70
1972,2,155.4532017656794,,70
1973,2,155.4130283832317,,70
1974,2,155.384158224943,,70
1975,2,155.3685006505081,,70
1976,2,155.3652330916892,,70
1977,2,155.3747241363377,,70
1978,2,155.3948479582359,,70
1979,2,155.4208768532487,,70
1980,2,155.4455987753067,,70
1981,2,155.4651369617333,,70
1982,2,155.4797431081064,,70
1983,2,155.4885298154678,,70
1984,2,155.4923518149544,,70
1985,2,155.4929907860588,,70
1986,2,155.4912748167254,,70
1987,2,155.4885479620806,,70
1988,2,155.4852145806313,,70
1989,2,155.4842937774755,,70
1990,2,155.4900644666327,,70
1991,2,155.4981533441016,,70
1992,2,155.5053089831904,,70
1993,2,155.5130366267614,,70
1994,2,155.5219651005337,,70
1995,2,155.5331732649174,,70
1996,2,155.5463940193901,,70
1997,2,155.5530525339873,,70
1998,2,155.5411981015108,,70
1999,2,155.5100120821357,,70
2000,2,155.4861116936074,,70
2001,2,155.4912490313961,,70
2002,2,155.5514735010301,,70
1951,2,161.858379775514,,71
1952,2,161.8233117183934,,71
1953,2,161.7377950470432,,71
1954,2,161.6289217637961,,71
1955,2,161.5122571192187,,71
1956,2,161.4036695356358,,71
1957,2,161.3036776936312,,71
1958,2,161.2129377124325,,71
1959,2,161.1307233559427,,71
1960,2,161.0527610134872,,71
1961,2,160.9778051829105,,71
1962,2,160.9073371009778,,71
1963,2,160.8443305219534,,71
1964,2,160.7903443203175,,71
1965,2,160.7523129994608,,71
1966,2,160.7413899813749,,71
1967,2,160.7566140063821,,71
1968,2,160.7921740748696,,71
1969,2,160.8419517973524,,71
1970,2,160.8996314661574,,71
1971,2,160.9600560344938,,71
1972,2,161.0174697809962,,71
1973,2,161.0673415921673,,71
1974,2,161.1042631861614,,71
1975,2,161.124193074924,,71
1976,2,161.1262195258961,,71
1977,2,161.1098630383401,,71
1978,2,161.073761977902,,71
1979,2,161.0201231845795,,71
1980,2,160.9569854938229,,71
1981,2,160.8944254133344,,71
1982,2,160.8412544694647,,71
1983,2,160.8021290675818,,71
1984,2,160.7784691473041,,71
1985,2,160.7699993275302,,71
1986,2,160.7784526078782,,71
1987,2,160.8047241193937,,71
1988,2,160.8506118959879,,71
1989,2,160.9136659737569,,71
1990,2,160.978198211813,,71
1991,2,161.0227575841534,,71
1992,2,161.0348370851605,,71
1951,2,160.8727391252074,,72
1952,2,160.7706577482303,,72
1953,2,160.698247260271,,72
1954,2,160.6226704644833,,72
1955,2,160.5434367481166,,72
1956,2,160.4757860335255,,72
1957,2,160.4244097642895,,72
1958,2,160.3889601522934,,72
1959,2,160.3664070944359,,72
1960,2,160.3549351949487,,72
1961,2,160.3562712194531,,72
1962,2,160.366115737686,,72
1963,2,160.3796012290269,,72
1964,2,160.3964370242259,,72
1965,2,160.4142820876493,,72
1966,2,160.4307496588583,,72
1967,2,160.442648310496,,72
1968,2,160.4491684696425,,72
1969,2,160.4537026509759,,72
1970,2,160.4585965253465,,72
1971,2,160.4620891663278,,72
1972,2,160.4614194701473,,72
1973,2,160.4596721447686,,72
1974,2,160.4582009426645,,72
1975,2,160.4540090056763,,72
1976,2,160.4468976693032,,72
1977,2,160.4392976682726,,72
1978,2,160.4326888939622,,72
1979,2,160.4259696239873,,72
1980,2,160.4167609613192,,72
1981,2,160.4053778845405,,72
1982,2,160.3936874037736,,72
1983,2,160.3804423410321,,72
1984,2,160.366021910733,,72
1985,2,160.3519744662742,,72
1986,2,160.340146741545,,72
1987,2,160.3284043251919,,72
1988,2,160.3092578940012,,72
1989,2,160.2710884829285,,72
1990,2,160.208982635394,,72
1991,2,160.1267581120575,,72
1962,2,158.9040630418783,,73
1963,2,158.8823165859231,,73
1964,2,158.8556570278564,,73
1965,2,158.8406088936547,,73
1966,2,158.8484273441678,,73
1967,2,158.8787914648242,,73
1968,2,158.9299114006985,,73
1969,2,158.9997405134731,,73
1970,2,159.0584177254996,,73
1971,2,159.0942061104246,,73
1972,2,159.1089313932585,,73
1973,2,159.1050086025074,,73
1974,2,159.0838169731448,,73
1975,2,159.0458945274407,,73
1976,2,158.9941476902213,,73
1977,2,158.9305364582333,,73
1978,2,158.8555556927625,,73
1979,2,158.7729705540201,,73
1980,2,158.6883719598909,,73
1981,2,158.6057676220285,,73
1982,2,158.5294732377425,,73
1983,2,158.4637335299967,,73
1984,2,158.4115474009544,,73
1985,2,158.3725524921444,,73
1986,2,158.3461695606827,,73
1987,2,158.332063645339,,73
1988,2,158.3302551275941,,73
1989,2,158.3410053607942,,73
1990,2,158.3611046037649,,73
1991,2,158.3870114159249,,73
1992,2,158.4164147521648,,73
1993,2,158.447764446319,,73
1994,2,158.4799762011589,,73
1995,2,158.5108102044138,,73
1996,2,158.5396669394063,,73
1997,2,158.567858467929,,73
1998,2,158.5994082818051,,73
1999,2,158.6349424889543,,73
2000,2,158.6725021237464,,73
2001,2,158.7095281256247,,73
2002,2,158.7420305801812,,73
2003,2,158.7628214683965,,73
1959,2,157.8664144605993,,74
1960,2,157.934538265229,,74
1961,2,157.9874700400416,,74
1962,2,158.0350900136257,,74
1963,2,158.0752862763073,,74
1964,2,158.1042227705177,,74
1965,2,158.1220102635142,,74
1966,2,158.1273103721282,,74
1967,2,158.1172629054598,,74
1968,2,158.0911165775596,,74
1969,2,158.0476137870263,,74
1970,2,157.9823464093068,,74
1971,2,157.8938334814221,,74
1972,2,157.7858736539952,,74
1973,2,157.6628755810756,,74
1974,2,157.5310076509887,,74
1975,2,157.3966353119341,,74
1976,2,157.2660097343705,,74
1977,2,157.1443104581562,,74
1978,2,157.0355563132428,,74
1979,2,156.9425433409833,,74
1980,2,156.8652579533656,,74
1981,2,156.8024250119159,,74
1982,2,156.7522936917743,,74
1983,2,156.7143419523739,,74
1984,2,156.687928910421,,74
1985,2,156.6692785502391,,74
1986,2,156.6558330321386,,74
1987,2,156.6494018426901,,74
1988,2,156.6519504516819,,74
1989,2,156.6654731885485,,74
1990,2,156.6906239510328,,74
1991,2,156.7263623443752,,74
1992,2,156.7731571012519,,74
1993,2,156.8316295052982,,74
1994,2,156.9019151390877,,74
1995,2,156.983708422954,,74
1996,2,157.0740837583646,,74
1997,2,157.1664713454196,,74
1998,2,157.2639504432967,,74
1999,2,157.3747102440191,,74
1967,2,160.3452623570917,,77
1968,2,160.3562789293972,,77
1969,2,160.3029095390158,,77
1970,2,160.244779095825,,77
1971,2,160.1764318548129,,77
1972,2,160.0941195337677,,77
1973,2,160.0059359635545,,77
1974,2,159.9181867063066,,77
1975,2,159.8310060783692,,77
1976,2,159.7441603567125,,77
1977,2,159.6578557567202,,77
1978,2,159.5699309293287,,77
1979,2,159.4825006390642,,77
1980,2,159.3972025693307,,77
1981,2,159.3108341875863,,77
1982,2,159.2207871931797,,77
1983,2,159.1208355821999,,77
1984,2,159.0074996319602,,77
1985,2,158.8833929562292,,77
1986,2,158.749304578881,,77
1987,2,158.5718309405696,,77
1988,2,158.3176517611488,,77
1952,2,160.8534233160289,,78
1953,2,161.0652325859454,,78
1954,2,161.3033033712352,,78
1955,2,161.531969634717,,78
1956,2,161.7428814466664,,78
1957,2,161.9304224797342,,78
1958,2,162.0939062072137,,78
1959,2,162.2320082498136,,78
1960,2,162.3493284960591,,78
1961,2,162.450578448519,,78
1962,2,162.5366220094508,,78
1963,2,162.6094732128024,,78
1964,2,162.6722468557138,,78
1965,2,162.7220061466727,,78
1966,2,162.7581062618581,,78
1967,2,162.787992099728,,78
1968,2,162.8182741325843,,78
1969,2,162.8507274047079,,78
1970,2,162.89030601277,,78
1971,2,162.9398596152156,,78
1972,2,162.994975253628,,78
1973,2,163.0504294358135,,78
1974,2,163.1035049319748,,78
1975,2,163.1528719785329,,78
1976,2,163.2027768428351,,78
1977,2,163.2549041068537,,78
1978,2,163.3109497372387,,78
1979,2,163.3731817964982,,78
1980,2,163.4384661732558,,78
1981,2,163.503407582347,,78
1982,2,163.5648840434149,,78
1983,2,163.6206458163182,,78
1984,2,163.6714349560293,,78
1985,2,163.7200266718157,,78
1986,2,163.7687628243618,,78
1987,2,163.8193769161619,,78
1988,2,163.8642804567152,,78
1989,2,163.8688373475601,,78
1990,2,163.7921486775183,,78
1967,2,156.2708173742921,,80
1968,2,156.0883508232938,,80
1969,2,156.1259856139461,,80
1970,2,156.2830993540829,,80
1971,2,156.4838857046279,,80
1972,2,156.6906033383735,,80
1973,2,156.8777195424549,,80
1974,2,157.0396259495188,,80
1975,2,157.1745477108316,,80
1976,2,157.2849287775281,,80
1977,2,157.3737214093341,,80
1978,2,157.4404628492495,,80
1979,2,157.4845768164127,,80
1980,2,157.5067756925222,,80
1981,2,157.5121016007688,,80
1982,2,157.5106586833536,,80
1983,2,157.5139867032916,,80
1984,2,157.5341138574533,,80
1985,2,157.5713871908494,,80
1986,2,157.6170461470265,,80
1987,2,157.6653816678912,,80
1988,2,157.7131426072113,,80
1989,2,157.7599096730891,,80
1990,2,157.8054872284792,,80
1991,2,157.8487200939553,,80
1992,2,157.8895945944435,,80
1993,2,157.925939012327,,80
1994,2,157.954621753912,,80
1995,2,157.9709056921942,,80
1996,2,157.9719333914572,,80
1997,2,157.9613862222807,,80
1998,2,157.970387163026,,80
1975,2,159.2977786343363,,82
1976,2,159.1199132955672,,82
1977,2,159.0041930647276,,82
1978,2,158.933036256908,,82
1979,2,158.8912773670453,,82
1980,2,158.8677074682387,,82
1981,2,158.8533516309419,,82
1982,2,158.84183754534,,82
1983,2,158.8294592741917,,82
1984,2,158.8181892304459,,82
1985,2,158.805335928037,,82
1986,2,158.7911655649508,,82
1987,2,158.7773078312379,,82
1988,2,158.7592746364344,,82
1989,2,158.7274555629429,,82
1990,2,158.675895035689,,82
1991,2,158.6158385966026,,82
1992,2,158.5555232875253,,82
1993,2,158.4942199503512,,82
1994,2,158.4283090615617,,82
1995,2,158.3425055986094,,82
1951,2,155.1989728065658,,85
1952,2,155.4031373718173,,85
1953,2,155.5703891037639,,85
1954,2,155.6954291097861,,85
1955,2,155.7859668811673,,85
1956,2,155.8576444360734,,85
1957,2,155.924765341223,,85
1958,2,155.9954159669682,,85
1959,2,156.0704833377156,,85
1960,2,156.1450613136659,,85
1961,2,156.2158910734752,,85
1962,2,156.2815728705777,,85
1963,2,156.3411509161384,,85
1964,2,156.3935688942685,,85
1965,2,156.4399331616145,,85
1966,2,156.4819478996467,,85
1967,2,156.5190180255179,,85
1968,2,156.5519131088519,,85
1969,2,156.5828955383029,,85
1970,2,156.6120562862616,,85
1971,2,156.6367058854875,,85
1972,2,156.6560418834229,,85
1973,2,156.6696792602546,,85
1974,2,156.6766762661453,,85
1975,2,156.6778824781237,,85
1976,2,156.6730238713718,,85
1977,2,156.6601515475243,,85
1978,2,156.6384158791988,,85
1979,2,156.6097855051341,,85
1980,2,156.5765960177159,,85
1981,2,156.5420368359938,,85
1982,2,156.5117004073993,,85
1983,2,156.492608236328,,85
1984,2,156.4899107459028,,85
1985,2,156.5052929970121,,85
1986,2,156.5384269737729,,85
1987,2,156.5860905301356,,85
1988,2,156.6449840025175,,85
1989,2,156.7129006408349,,85
1990,2,156.786006811958,,85
1991,2,156.8612831268504,,85
1992,2,156.935570953779,,85
1993,2,157.0057931521991,,85
1994,2,157.0704717245821,,85
1995,2,157.1270994963382,,85
1996,2,157.1741211664546,,85
1997,2,157.2083521712553,,85
1998,2,157.2298194890383,,85
1999,2,157.2458874014662,,85
2000,2,157.2553135586757,,85
2001,2,157.2457187441917,,85
1957,2,158.6133434219211,,86
1958,2,158.6901995563388,,86
1959,2,158.7534826229077,,86
1960,2,158.8074859121737,,86
1961,2,158.8532035745176,,86
1962,2,158.8869631337788,,86
1963,2,158.908268146325,,86
1964,2,158.9161846033639,,86
1965,2,158.9091739284926,,86
1966,2,158.889518458201,,86
1967,2,158.8619439512651,,86
1968,2,158.8351540826626,,86
1969,2,158.8162037373157,,86
1970,2,158.8062683391538,,86
1971,2,158.8062049030725,,86
1972,2,158.8183550779468,,86
1973,2,158.8471402507306,,86
1974,2,158.8898465486719,,86
1975,2,158.9389608605025,,86
1976,2,158.9893488448831,,86
1977,2,159.03198195402,,86
1978,2,159.0634146945704,,86
1979,2,159.0828505496484,,86
1980,2,159.0901930135763,,86
1981,2,159.0905777458141,,86
1982,2,159.0870527309432,,86
1983,2,159.0756442917597,,86
1984,2,159.0546090874086,,86
1985,2,159.0310212941493,,86
1986,2,159.0173642994944,,86
1987,2,159.0194571164502,,86
1988,2,159.0345245564853,,86
1989,2,159.0620874985551,,86
1990,2,159.103513584514,,86
1991,2,159.1678610600907,,86
1992,2,159.2558975606971,,86
1993,2,159.366534560439,,86
1954,2,158.4204955849127,,88
1955,2,158.5146241766836,,88
1956,2,158.6217998796772,,88
1957,2,158.7311333674348,,88
1958,2,158.8232847973289,,88
1959,2,158.8746434020214,,88
1960,2,158.8914044872614,,88
1961,2,158.8971990324722,,88
1962,2,158.897650457851,,88
1963,2,158.8940957079753,,88
1964,2,158.8860974758982,,88
1965,2,158.870026733606,,88
1966,2,158.8444051496957,,88
1967,2,158.811534195663,,88
1968,2,158.7753126832735,,88
1969,2,158.7400704791611,,88
1970,2,158.708160723958,,88
1971,2,158.6814641226697,,88
1972,2,158.6619024648126,,88
1973,2,158.6496889950504,,88
1974,2,158.6445437653021,,88
1975,2,158.6463281437691,,88
1976,2,158.6552787567384,,88
1977,2,158.671595028425,,88
1978,2,158.6943278776361,,88
1979,2,158.7180737284051,,88
1980,2,158.7362696649313,,88
1981,2,158.7482622878651,,88
1982,2,158.7560938977524,,88
1983,2,158.7606662255422,,88
1984,2,158.7635352125578,,88
1985,2,158.7632194774039,,88
1986,2,158.7580240160731,,88
1987,2,158.748612394719,,88
1988,2,158.7364555831684,,88
1989,2,158.7226614084743,,88
1990,2,158.7061921907707,,88
1991,2,158.6844091299263,,88
1992,2,158.6539319228015,,88
1993,2,158.6112503755789,,88
1994,2,158.544123217017,,88
1995,2,158.4262429034642,,88
1951,2,157.8948299465774,,90
1952,2,158.1161202522634,,90
1953,2,158.2608216256008,,90
1954,2,158.3446472180815,,90
1955,2,158.3930739634141,,90
1956,2,158.41816818545,,90
1957,2,158.4378032172013,,90
1958,2,158.4578368117475,,90
1959,2,158.4819367249479,,90
1960,2,158.5099502162104,,90
1961,2,158.5372749278338,,90
1962,2,158.5620885526027,,90
1963,2,158.5836268630812,,90
1964,2,158.5998700589314,,90
1965,2,158.6084963999103,,90
1966,2,158.6073778923925,,90
1967,2,158.595939412576,,90
1968,2,158.5755043568072,,90
1969,2,158.5477892535409,,90
1970,2,158.5134334736635,,90
1971,2,158.474323324666,,90
1972,2,158.4324651973052,,90
1973,2,158.390065084879,,90
1974,2,158.3489102681903,,90
1975,2,158.3104579727906,,90
1976,2,158.2740686694012,,90
1977,2,158.2387048602359,,90
1978,2,158.2045756758017,,90
1979,2,158.1713479036988,,90
1980,2,158.1376462741148,,90
1981,2,158.1015896563914,,90
1982,2,158.0626601681174,,90
1983,2,158.0217520850985,,90
1984,2,157.9787409605032,,90
1985,2,157.9337183457261,,90
1986,2,157.8893749656643,,90
1987,2,157.8471210001289,,90
1988,2,157.8068591046761,,90
1989,2,157.7701817948469,,90
1990,2,157.7376484867974,,90
1991,2,157.7102965535136,,90
1992,2,157.6911838129451,,90
1993,2,157.681100704349,,90
1994,2,157.6749422659827,,90
1995,2,157.6687214211018,,90
1996,2,157.6617523968351,,90
1997,2,157.6525733817641,,90
1998,2,157.6373744536899,,90
1999,2,157.6120921286619,,90
2000,2,157.5743092940166,,90
2001,2,157.5211986216414,,90
2002,2,157.4613135026879,,90
2003,2,157.4044600417034,,90
1953,2,159.6135535445391,,91
1954,2,159.5409225798709,,91
1955,2,159.5380395056216,,91
1956,2,159.5831186769011,,91
1957,2,159.6549836394464,,91
1958,2,159.7232928994461,,91
1959,2,159.7716655654669,,91
1960,2,159.811329281113,,91
1961,2,159.8415517326198,,91
1962,2,159.8636207891015,,91
1963,2,159.88334269061,,91
1964,2,159.9032508109931,,91
1965,2,159.9259897740484,,91
1966,2,159.9532360693581,,91
1967,2,159.9836993977688,,91
1968,2,160.0156065663739,,91
1969,2,160.0482580962291,,91
1970,2,160.0838750364565,,91
1971,2,160.125371676483,,91
1972,2,160.1717041633246,,91
1973,2,160.2162431967189,,91
1974,2,160.2528586613126,,91
1975,2,160.2799722756029,,91
1976,2,160.2988003891184,,91
1977,2,160.3107548993192,,91
1978,2,160.3168824002232,,91
1979,2,160.3175546060978,,91
1980,2,160.3134244733688,,91
1981,2,160.3054315237002,,91
1982,2,160.2940315150387,,91
1983,2,160.2795155167105,,91
1984,2,160.2614749162218,,91
1985,2,160.2396274226412,,91
1986,2,160.2150257547884,,91
1987,2,160.1877157297797,,91
1988,2,160.1555570631721,,91
1989,2,160.1160887727151,,91
1990,2,160.0673834634513,,91
1991,2,160.0070437937754,,91
1992,2,159.9383010784773,,91
1993,2,159.8696000872856,,91
1994,2,159.7990496895812,,91
1959,2,156.9655048889318,,93
1960,2,157.1556413423395,,93
1961,2,157.3235662763252,,93
1962,2,157.4740354307289,,93
1963,2,157.6143125362266,,93
1964,2,157.740805769048,,93
1965,2,157.8523677569168,,93
1966,2,157.9523866394344,,93
1967,2,158.0480249834322,,93
1968,2,158.1443384194643,,93
1969,2,158.2420533376484,,93
1970,2,158.3384179361662,,93
1971,2,158.4303953355839,,93
1972,2,158.5185012993679,,93
1973,2,158.605718565511,,93
1974,2,158.6976976888182,,93
1975,2,158.7982894052699,,93
1976,2,158.9058022656749,,93
1977,2,159.017722841467,,93
1978,2,159.1348317962969,,93
1979,2,159.2569480199159,,93
1980,2,159.3818669440395,,93
1981,2,159.5013708908154,,93
1982,2,159.6057488088591,,93
1983,2,159.6930474734684,,93
1984,2,159.7660103771062,,93
1985,2,159.8239731529995,,93
1986,2,159.868045995482,,93
1987,2,159.898573258054,,93
1988,2,159.912528673286,,93
1989,2,159.9070158349654,,93
1990,2,159.8841393022094,,93
1991,2,159.8482286406907,,93
1992,2,159.805357374568,,93
1993,2,159.7708062839615,,93
1994,2,159.77511183373,,93
1995,2,159.8213668438813,,93
1965,2,158.6610547331466,,94
1966,2,158.7078146186109,,94
1967,2,158.7679299995922,,94
1968,2,158.8186287731544,,94
1969,2,158.8575346403222,,94
1970,2,158.8848260064273,,94
1971,2,158.9036945582849,,94
1972,2,158.9200550237425,,94
1973,2,158.9382685503743,,94
1974,2,158.9561582445218,,94
1975,2,158.9725005119483,,94
1976,2,158.9880566029614,,94
1977,2,158.9998014742976,,94
1978,2,159.0062432508286,,94
1979,2,159.0101065462007,,94
1980,2,159.0202735056254,,94
1981,2,159.0401397242871,,94
1982,2,159.0580568560976,,94
1983,2,159.0665205585308,,94
1984,2,159.0609928031013,,94
1985,2,159.0340553552157,,94
1956,2,149.4245789223883,,96
1957,2,149.5302882443608,,96
1958,2,149.643367171187,,96
1959,2,149.789996778132,,96
1960,2,149.9430540058366,,96
1961,2,150.0725887696829,,96
1962,2,150.1639755617786,,96
1963,2,150.2357656202152,,96
1964,2,150.2965178191725,,96
1965,2,150.3458836290753,,96
1966,2,150.3866229366801,,96
1967,2,150.4194106601822,,96
1968,2,150.4454382919741,,96
1969,2,150.4697670922596,,96
1970,2,150.4978155238207,,96
1971,2,150.5317472414369,,96
1972,2,150.5703411133256,,96
1973,2,150.6114708070981,,96
1974,2,150.6543929898629,,96
1975,2,150.6971937010627,,96
1976,2,150.737238028715,,96
1977,2,150.7727392523901,,96
1978,2,150.8015848416116,,96
1979,2,150.8248137600929,,96
1980,2,150.8447650504145,,96
1981,2,150.8621565244517,,96
1982,2,150.8778194004575,,96
1983,2,150.8935840621614,,96
1984,2,150.9118752258139,,96
1985,2,150.9348511684354,,96
1986,2,150.9655171669,,96
1987,2,151.0058947656705,,96
1988,2,151.0555458835353,,96
1989,2,151.113178085981,,96
1990,2,151.1777416981365,,96
1991,2,151.2484411287507,,96
1992,2,151.3238312265734,,96
1993,2,151.4011596583344,,96
1994,2,151.4787737974416,,96
1995,2,151.5567550601428,,96
1996,2,151.6357626566878,,96
1997,2,151.7174759976449,,96
1998,2,151.798580717583,,96
1999,2,151.8735018799722,,96
2000,2,151.9498222977098,,96
2001,2,152.0123764406516,,96
1959,2,152.6676735415556,,99
1960,2,152.6709011098651,,99
1961,2,152.7252280982189,,99
1962,2,152.8084573083229,,99
1963,2,152.8989027773152,,99
1964,2,152.9817659493688,,99
1965,2,153.0491438058739,,99
1966,2,153.1000930697758,,99
1967,2,153.1340424518578,,99
1968,2,153.1507756853024,,99
1969,2,153.1476783916825,,99
1970,2,153.1212098685494,,99
1971,2,153.0744030705513,,99
1972,2,153.0170764056166,,99
1973,2,152.9589641601099,,99
1974,2,152.9068052012132,,99
1975,2,152.8640114872931,,99
1976,2,152.8321864025174,,99
1977,2,152.8131484325618,,99
1978,2,152.8102299118248,,99
1979,2,152.8262798932047,,99
1980,2,152.8635589539681,,99
1981,2,152.923311159471,,99
1982,2,153.0041522267848,,99
1983,2,153.1023805602967,,99
1984,2,153.2112403277428,,99
1985,2,153.3223170490813,,99
1986,2,153.4313669238604,,99
1987,2,153.5376207916047,,99
1988,2,153.6408239733109,,99
1989,2,153.7427181549384,,99
1990,2,153.8445287602844,,99
1991,2,153.9446485596951,,99
1992,2,154.0417782672498,,99
1993,2,154.1369811387585,,99
1994,2,154.2320016191836,,99
1995,2,154.330527516134,,99
1996,2,154.4365186970427,,99
1997,2,154.5547473489384,,99
1998,2,154.6832873273435,,99
1999,2,154.8141321818685,,99
2000,2,154.9287213809567,,99
1957,2,151.3027158219548,,104
1958,2,151.3257673756488,,104
1959,2,151.3480419629769,,104
1960,2,151.3756106623716,,104
1961,2,151.4091280275527,,104
1962,2,151.4450059075079,,104
1963,2,151.4802257128775,,104
1964,2,151.5135514483724,,104
1965,2,151.5456843925776,,104
1966,2,151.5753683966485,,104
1967,2,151.602631311439,,104
1968,2,151.6284494318243,,104
1969,2,151.6534303685678,,104
1970,2,151.6784811680945,,104
1971,2,151.7039659472864,,104
1972,2,151.7304253038455,,104
1973,2,151.7578785082325,,104
1974,2,151.7862902830314,,104
1975,2,151.8186146914782,,104
1976,2,151.855906965901,,104
1977,2,151.8959170676424,,104
1978,2,151.9366555346285,,104
1979,2,151.9763000702707,,104
1980,2,152.0137258847901,,104
1981,2,152.0479456181225,,104
1982,2,152.0782262964695,,104
1983,2,152.1046827433332,,104
1984,2,152.1271580290545,,104
1985,2,152.1454761127984,,104
1986,2,152.1601877570658,,104
1987,2,152.1718995433332,,104
1988,2,152.1805033143295,,104
1989,2,152.1851480028443,,104
1990,2,152.185767309631,,104
1991,2,152.1831565417403,,104
1992,2,152.1774214314491,,104
1993,2,152.1678954785458,,104
1994,2,152.1541800203701,,104
1995,2,152.1373213530743,,104
1996,2,152.1176118973827,,104
1997,2,152.0937838214127,,104
1998,2,152.0647455595415,,104
1999,2,152.0301198744188,,104
2000,2,151.9968668801948,,104
1956,2,156.0791312523864,,110
1957,2,156.2372165659532,,110
1958,2,156.3772273736268,,110
1959,2,156.5205981269787,,110
1960,2,156.6676054848043,,110
1961,2,156.8142550739119,,110
1962,2,156.9641356308074,,110
1963,2,157.1243745580534,,110
1964,2,157.2932100671289,,110
1965,2,157.4624759140958,,110
1966,2,157.6258745588475,,110
1967,2,157.7779066970508,,110
1968,2,157.9156228980027,,110
1969,2,158.0414161367208,,110
1970,2,158.1578752090743,,110
1971,2,158.2686509674889,,110
1972,2,158.3769403948857,,110
1973,2,158.482735157306,,110
1974,2,158.5852842743405,,110
1975,2,158.6827465948713,,110
1976,2,158.7737943918193,,110
1977,2,158.8581776472389,,110
1978,2,158.9365120686802,,110
1979,2,159.0124856268414,,110
1980,2,159.0911793069104,,110
1981,2,159.1733693923652,,110
1982,2,159.2552458911962,,110
1983,2,159.3350898034506,,110
1984,2,159.4140513083024,,110
1985,2,159.4939075334339,,110
1986,2,159.5765912229932,,110
1987,2,159.6609316021975,,110
1988,2,159.7416517246747,,110
1989,2,159.8120427137555,,110
1990,2,159.8621060542225,,110
1991,2,159.8799648498224,,110
1992,2,159.8608018312196,,110
1993,2,159.8046801164643,,110
1994,2,159.7130524268438,,110
1995,2,159.5914498727677,,110
1996,2,159.4467302456777,,110
1997,2,159.2906777459924,,110
1998,2,159.1220102283607,,110
1999,2,158.9236556216069,,110
2000,2,158.6916838951224,,110
2001,2,158.4657712354299,,110
2002,2,158.2696025763207,,110
1954,2,158.188593113569,,111
1955,2,158.2053697912471,,111
1956,2,158.2594787468549,,111
1957,2,158.3512541347698,,111
1958,2,158.4745042249796,,111
1959,2,158.6236527742116,,111
1960,2,158.7884625093273,,111
1961,2,158.9625983020933,,111
1962,2,159.1384769362151,,111
1963,2,159.3067796744546,,111
1964,2,159.4604407166404,,111
1965,2,159.5939426039976,,111
1966,2,159.7067280929436,,111
1967,2,159.7967307673235,,111
1968,2,159.8603216845529,,111
1969,2,159.8979581799789,,111
1970,2,159.9094805509935,,111
1971,2,159.8978002152051,,111
1972,2,159.8709934174486,,111
1973,2,159.8388219999167,,111
1974,2,159.8163467598855,,111
1975,2,159.8176897742409,,111
1976,2,159.8629169705524,,111
1977,2,159.9794053052442,,111
1978,2,160.1950605909623,,111
1956,2,157.1394475494255,,113
1957,2,157.34271776332,,113
1958,2,157.5023043798959,,113
1959,2,157.6107894024583,,113
1960,2,157.6761746467814,,113
1961,2,157.7151858111682,,113
1962,2,157.7384375624887,,113
1963,2,157.7687454732043,,113
1964,2,157.8300010321185,,113
1965,2,157.9172758161575,,113
1966,2,158.0135496483316,,113
1967,2,158.1107250115297,,113
1968,2,158.2117107131803,,113
1969,2,158.326946139006,,113
1970,2,158.4629494337144,,113
1971,2,158.6139552932451,,113
1972,2,158.7741257235911,,113
1973,2,158.9373894347136,,113
1974,2,159.0913645735678,,113
1975,2,159.2231754763873,,113
1976,2,159.3303716723333,,113
1977,2,159.4188247855768,,113
1978,2,159.4954432850759,,113
1979,2,159.5646510800983,,113
1980,2,159.6308254364878,,113
1981,2,159.6978840853647,,113
1982,2,159.7669204122479,,113
1983,2,159.8357962745245,,113
1984,2,159.900226585213,,113
1985,2,159.9594564344706,,113
1986,2,160.0182764387962,,113
1987,2,160.0850752616425,,113
1988,2,160.1620976606671,,113
1989,2,160.2390481076096,,113
1990,2,160.3002783659086,,113
1991,2,160.335030948432,,113
1968,2,150.6238857133337,,118
1969,2,150.6919488776702,,118
1970,2,150.8217181877913,,118
1971,2,150.981391901069,,118
1972,2,151.1400693437618,,118
1973,2,151.2882174524794,,118
1974,2,151.424627498544,,118
1975,2,151.5535952549899,,118
1976,2,151.6786276185509,,118
1977,2,151.8012814465821,,118
1978,2,151.9215578585844,,118
1979,2,152.037290756117,,118
1980,2,152.1465463855753,,118
1981,2,152.2503158109593,,118
1982,2,152.3523415182093,,118
1983,2,152.4576376385739,,118
1984,2,152.5722293190723,,118
1985,2,152.700741994605,,118
1986,2,152.8407436707735,,118
1987,2,152.9876305669939,,118
1988,2,153.1387989095241,,118
1989,2,153.2927330522784,,118
1990,2,153.4505929309433,,118
1991,2,153.6149953423205,,118
1992,2,153.7874700981887,,118
1993,2,153.9673656312326,,118
1994,2,154.1436812784514,,118
1995,2,154.3014107164536,,118
1996,2,154.4102787576671,,118
1975,2,152.6454783675767,,120
1976,2,152.720399597409,,120
1977,2,152.7709845351928,,120
1978,2,152.798505006487,,120
1979,2,152.8092130255588,,120
1980,2,152.810977529814,,120
1981,2,152.8100573917613,,120
1982,2,152.8107374445864,,120
1983,2,152.8137621652487,,120
1984,2,152.8182384721828,,120
1985,2,152.8247170268816,,120
1986,2,152.8348314696987,,120
1987,2,152.8501419617472,,120
1988,2,152.870782086744,,120
1989,2,152.8958815723729,,120
1990,2,152.9248660293101,,120
1991,2,152.956563314589,,120
1992,2,152.9883888151191,,120
1993,2,153.0109265275146,,120
1994,2,153.0153311133826,,120
1995,2,153.0002689750841,,120
1959,2,150.1587137729653,,121
1960,2,150.1503771713982,,121
1961,2,150.160006497755,,121
1962,2,150.1930533028941,,121
1963,2,150.246071760204,,121
1964,2,150.3098070026562,,121
1965,2,150.3758136243568,,121
1966,2,150.4418491782127,,121
1967,2,150.5064786560919,,121
1968,2,150.5685215751444,,121
1969,2,150.6284863575044,,121
1970,2,150.6862256592514,,121
1971,2,150.7404268604408,,121
1972,2,150.7899113751181,,121
1973,2,150.8357157740636,,121
1974,2,150.8805707823995,,121
1975,2,150.9273668536615,,121
1976,2,150.9774058516549,,121
1977,2,151.0305027322018,,121
1978,2,151.0883324720517,,121
1979,2,151.150031028803,,121
1980,2,151.2134835107019,,121
1981,2,151.2786439816916,,121
1982,2,151.3449017094371,,121
1983,2,151.4115953551903,,121
1984,2,151.479696656281,,121
1985,2,151.5506558067209,,121
1986,2,151.6244448171185,,121
1987,2,151.7007858605745,,121
1988,2,151.7778802194011,,121
1989,2,151.854000395023,,121
1990,2,151.927683732187,,121
1991,2,151.9990717801754,,121
1992,2,152.0695447866263,,121
1993,2,152.138533051482,,121
1994,2,152.2030233176469,,121
1995,2,152.2582442617122,,121
1996,2,152.3010318936448,,121
1997,2,152.329776663576,,121
1998,2,152.3503759305863,,121
1999,2,152.3698946648286,,121
2000,2,152.3834518738399,,121
2001,2,152.4097290987659,,121
1971,2,154.5683233009898,,124
1972,2,154.5426069350478,,124
1973,2,154.5571992230196,,124
1974,2,154.5896511557432,,124
1975,2,154.6085356503426,,124
1976,2,154.6138933930683,,124
1977,2,154.6130474795024,,124
1978,2,154.605811186078,,124
1979,2,154.5955794009423,,124
1980,2,154.5835963379559,,124
1981,2,154.5709360075449,,124
1982,2,154.5592573191628,,124
1983,2,154.5475984079146,,124
1984,2,154.5351726329605,,124
1985,2,154.523874562026,,124
1986,2,154.5159392079653,,124
1987,2,154.512532279838,,124
1988,2,154.5137631541816,,124
1989,2,154.5161186259501,,124
1990,2,154.517605102477,,124
1991,2,154.514271808583,,124
1992,2,154.5055954728929,,124
1993,2,154.4965254649298,,124
1994,2,154.4844682139912,,124
1995,2,154.4580253451701,,124
1996,2,154.429853725706,,124
1997,2,154.3874604959115,,124
1971,2,159.2740193478883,,134
1972,2,159.0599925088913,,134
1973,2,158.8679175391576,,134
1974,2,158.696938318885,,134
1975,2,158.5563203864552,,134
1976,2,158.4530267627048,,134
1977,2,158.3809497245905,,134
1978,2,158.3331844088272,,134
1979,2,158.3049073158267,,134
1980,2,158.2907766834127,,134
1981,2,158.2879395821136,,134
1982,2,158.2946884702181,,134
1983,2,158.3068213391284,,134
1984,2,158.3185890979345,,134
1985,2,158.3247610673597,,134
1986,2,158.3204846968576,,134
1987,2,158.3041828177876,,134
1988,2,158.2781651225982,,134
1989,2,158.2460178562027,,134
1990,2,158.212229422148,,134
1991,2,158.1806198198389,,134
1992,2,158.1522262524156,,134
1993,2,158.1265705622568,,134
1994,2,158.1026020709655,,134
1995,2,158.0801637338462,,134
1996,2,158.0590793534988,,134
1997,2,158.0377844042427,,134
1998,2,158.015069383759,,134
1999,2,157.9889856155073,,134
2000,2,157.9501998594792,,134
2001,2,157.8820419751231,,134
2002,2,157.7602723793876,,134
1968,2,151.0675003951003,,136
1969,2,150.9671916651751,,136
1970,2,150.9300306480669,,136
1971,2,150.9290326607685,,136
1972,2,150.9392172955292,,136
1973,2,150.9560345868323,,136
1974,2,150.9810991168767,,136
1975,2,151.012619140361,,136
1976,2,151.0474923493062,,136
1977,2,151.0844298577582,,136
1978,2,151.1224046754321,,136
1979,2,151.1587699758884,,136
1980,2,151.1885342325974,,136
1981,2,151.2108608374655,,136
1982,2,151.2280742522628,,136
1983,2,151.2416195526541,,136
1984,2,151.2535944401341,,136
1985,2,151.2685287874262,,136
1986,2,151.2918919938855,,136
1987,2,151.3245762085994,,136
1988,2,151.3652332566722,,136
1989,2,151.4145493040063,,136
1990,2,151.4752600856991,,136
1991,2,151.5496172561816,,136
1992,2,151.6357727605744,,136
1993,2,151.7312046336356,,136
1994,2,151.8323139410864,,136
1995,2,151.9262360576028,,136
1952,2,153.7450624994624,,138
1953,2,153.9428652526328,,138
1954,2,154.1870776685843,,138
1955,2,154.4364269553783,,138
1956,2,154.6502317674965,,138
1957,2,154.8270999679239,,138
1958,2,154.9661742417594,,138
1959,2,155.0791531716684,,138
1960,2,155.1783037355691,,138
1961,2,155.2670019347976,,138
1962,2,155.3474143452656,,138
1963,2,155.4261311824114,,138
1964,2,155.5121893766706,,138
1965,2,155.6067092399421,,138
1966,2,155.7095175552595,,138
1967,2,155.8240461385201,,138
1968,2,155.952547366333,,138
1969,2,156.0951014413387,,138
1970,2,156.2474281504439,,138
1971,2,156.403771902672,,138
1972,2,156.557660807266,,138
1973,2,156.7045513962818,,138
1974,2,156.8429626529076,,138
1975,2,156.9739246911,,138
1976,2,157.0975372571887,,138
1977,2,157.2145434172371,,138
1978,2,157.3263188833564,,138
1979,2,157.4356458584402,,138
1980,2,157.5479995247467,,138
1981,2,157.66621289928,,138
1982,2,157.789949889167,,138
1983,2,157.9191605143916,,138
1984,2,158.0544596399426,,138
1985,2,158.1951357779222,,138
1986,2,158.3367808282676,,138
1987,2,158.4747467535404,,138
1988,2,158.6047143504445,,138
1989,2,158.7251868183891,,138
1990,2,158.8352649429249,,138
1991,2,158.9336408771662,,138
1992,2,159.0178441453524,,138
1993,2,159.0859413736963,,138
1994,2,159.1384610527753,,138
1995,2,159.181293995384,,138
1996,2,159.23133484606,,138
1997,2,159.2967999242657,,138
1955,2,159.2958281573464,,140
1956,2,159.1734316480499,,140
1957,2,159.0925364330524,,140
1958,2,159.0647599893588,,140
1959,2,159.0754986420941,,140
1960,2,159.118048163871,,140
1961,2,159.1798730243909,,140
1962,2,159.253269627155,,140
1963,2,159.3336544739759,,140
1964,2,159.4184259301411,,140
1965,2,159.5046115186955,,140
1966,2,159.5894005106659,,140
1967,2,159.672393907601,,140
1968,2,159.7541176219333,,140
1969,2,159.8269645117878,,140
1970,2,159.8830401128005,,140
1971,2,159.9235725303985,,140
1972,2,159.9514019527667,,140
1973,2,159.9680231581282,,140
1974,2,159.9790028124929,,140
1975,2,159.9931872871105,,140
1972,2,153.2940323117193,,142
1973,2,153.3437778028076,,142
1974,2,153.3792565973403,,142
1975,2,153.4165220477216,,142
1976,2,153.461311761977,,142
1977,2,153.5094508843233,,142
1978,2,153.5578063717458,,142
1979,2,153.6045720731645,,142
1980,2,153.6493096354709,,142
1981,2,153.6916077344655,,142
1982,2,153.7304720260983,,142
1983,2,153.7654483900947,,142
1984,2,153.7972786230764,,142
1985,2,153.8263990225167,,142
1986,2,153.8519524775763,,142
1987,2,153.8719330737401,,142
1988,2,153.884347320749,,142
1989,2,153.8925057193781,,142
1990,2,153.901748182633,,142
1991,2,153.9156608372709,,142
1992,2,153.9359404048068,,142
1967,2,160.3278962491936,,143
1968,2,160.4310859986905,,143
1969,2,160.5212028155146,,143
1970,2,160.5336358749794,,143
1971,2,160.5044614660962,,143
1972,2,160.4635425785429,,143
1973,2,160.4201583489636,,143
1974,2,160.3786808225183,,143
1975,2,160.3423836110855,,143
1976,2,160.313330288739,,143
1977,2,160.2944073024569,,143
1978,2,160.2899381637976,,143
1979,2,160.3041803571724,,143
1980,2,160.3381747205495,,143
1981,2,160.3899125613096,,143
1982,2,160.4516738657204,,143
1983,2,160.5130159868752,,143
1984,2,160.5706092805348,,143
1985,2,160.6282012329428,,143
1986,2,160.6899036264404,,143
1987,2,160.7587333875788,,143
1988,2,160.8375633157556,,143
1989,2,160.9288747155736,,143
1990,2,161.0327021319407,,143
1991,2,161.1514632866946,,143
1992,2,161.2954850015897,,143
1993,2,161.4804513799316,,143
1994,2,161.7243246473664,,143
1995,2,162.0413735647925,,143
1996,2,162.4185806684614,,143
1997,2,162.8138582172477,,143
1964,2,160.3229834656594,,174
1965,2,160.4938529855618,,174
1966,2,160.6930008740308,,174
1967,2,160.8762818580545,,174
1968,2,161.0322940380346,,174
1969,2,161.1638890960428,,174
1970,2,161.2719349347004,,174
1971,2,161.3614196468214,,174
1972,2,161.440174372456,,174
1973,2,161.513242488942,,174
1974,2,161.5815952628645,,174
1975,2,161.6456805116863,,174
1976,2,161.7052043933878,,174
1977,2,161.7613405675611,,174
1978,2,161.8213100228099,,174
1979,2,161.8913278365899,,174
1980,2,161.9782452206924,,174
1981,2,162.088080239632,,174
1982,2,162.2134498268005,,174
1983,2,162.3385241462054,,174
1984,2,162.4610988325367,,174
1953,2,150.2807546566086,,200
1954,2,150.3975267170276,,200
1955,2,150.4893766436546,,200
1956,2,150.5691983473921,,200
1957,2,150.640398588668,,200
1958,2,150.7111964097342,,200
1959,2,150.7908767551012,,200
1960,2,150.8746172278981,,200
1961,2,150.9591755221476,,200
1962,2,151.0467691573409,,200
1963,2,151.1377410400274,,200
1964,2,151.225570006029,,200
1965,2,151.3038761710591,,200
1966,2,151.3703351850388,,200
1967,2,151.4242207371024,,200
1968,2,151.4668041929185,,200
1969,2,151.5035128956202,,200
1970,2,151.5409879109877,,200
1971,2,151.5840596628086,,200
1972,2,151.6373576324583,,200
1973,2,151.7031028001619,,200
1974,2,151.7800711944322,,200
1975,2,151.8669157295145,,200
1976,2,151.9635817625471,,200
1977,2,152.0699970529974,,200
1978,2,152.1842616267187,,200
1979,2,152.3039398863477,,200
1980,2,152.423922715596,,200
1981,2,152.5364800566872,,200
1982,2,152.6359875238134,,200
1983,2,152.7203742308565,,200
1984,2,152.7893202470815,,200
1985,2,152.8460296924805,,200
1986,2,152.8991290469423,,200
1987,2,152.9562480126174,,200
1955,2,154.6566294945072,,202
1956,2,154.7504094244131,,202
1957,2,154.9334386951838,,202
1958,2,155.1565920624594,,202
1959,2,155.3892854415615,,202
1960,2,155.6127305082374,,202
1961,2,155.8139081536111,,202
1962,2,155.9850379830046,,202
1963,2,156.1277790544516,,202
1964,2,156.2440042282018,,202
1965,2,156.332603403708,,202
1966,2,156.3938456710814,,202
1967,2,156.4291840677608,,202
1968,2,156.4417484584627,,202
1969,2,156.4382187183483,,202
1970,2,156.4292766199897,,202
1971,2,156.4246279939543,,202
1972,2,156.4306994012056,,202
1973,2,156.4548398086335,,202
1974,2,156.5016335609969,,202
1975,2,156.5762218164765,,202
1954,2,153.1054165208652,,206
1955,2,153.3557670508834,,206
1956,2,153.6148746372373,,206
1957,2,153.8311158745667,,206
1958,2,154.0153105034576,,206
1959,2,154.1758789089714,,206
1960,2,154.3204759194781,,206
1961,2,154.4517694157137,,206
1962,2,154.5725630580991,,206
1963,2,154.6790781129056,,206
1964,2,154.7713783677971,,206
1965,2,154.8531203943655,,206
1966,2,154.9252137362161,,206
1967,2,154.9913522301012,,206
1968,2,155.0531187484557,,206
1969,2,155.1108011387688,,206
1970,2,155.1668141900383,,206
1971,2,155.224290405273,,206
1972,2,155.2865408135251,,206
1973,2,155.3562724556537,,206
1974,2,155.4332272347987,,206
1975,2,155.5159477663271,,206
1976,2,155.604204583596,,206
1977,2,155.6984742332935,,206
1978,2,155.798637073155,,206
1979,2,155.9032963552337,,206
1980,2,156.0107882990372,,206
1981,2,156.1193951846193,,206
1982,2,156.2272523745947,,206
1983,2,156.3319298997304,,206
1984,2,156.4312804107464,,206
1985,2,156.5239612030985,,206
1986,2,156.6098053666598,,206
1987,2,156.6933048447081,,206
1988,2,156.7786166617477,,206
1989,2,156.8667450628591,,206
1950,2,156.3099334200002,,211
1951,2,156.1876280078234,,211
1952,2,156.0525116576746,,211
1953,2,155.9618049306646,,211
1954,2,155.9371149368712,,211
1955,2,155.9824399711146,,211
1956,2,156.0686412253558,,211
1957,2,156.1722784093935,,211
1958,2,156.2786716436958,,211
1959,2,156.3833267604773,,211
1960,2,156.4807653867835,,211
1961,2,156.5644049990964,,211
1962,2,156.6306163462839,,211
1963,2,156.6804478868068,,211
1964,2,156.7194355843184,,211
1965,2,156.7547850786434,,211
1966,2,156.7914311346232,,211
1967,2,156.8331588905029,,211
1968,2,156.8866531758158,,211
1969,2,156.9596885754402,,211
1970,2,157.0579508207027,,211
1971,2,157.1839367433772,,211
1972,2,157.3367675788689,,211
1973,2,157.5135190771576,,211
1974,2,157.7044802095429,,211
1975,2,157.8996501061126,,211
1976,2,158.0931376104451,,211
1977,2,158.2757443716574,,211
1978,2,158.4413269842802,,211
1979,2,158.5922018536696,,211
1980,2,158.7322436635893,,211
1981,2,158.8645987545576,,211
1982,2,158.9893656059956,,211
1983,2,159.1023580996032,,211
1984,2,159.203293862449,,211
1985,2,159.2957888657214,,211
1986,2,159.3851462558372,,211
1987,2,159.4723842154974,,211
1988,2,159.5556154565049,,211
1989,2,159.6292010822427,,211
1990,2,159.6812426348513,,211
1991,2,159.6967618395974,,211
1992,2,159.6534554954391,,211
1954,2,146.8082861336388,,218
1955,2,146.8161903738199,,218
1956,2,146.9301523566628,,218
1957,2,147.084686024621,,218
1958,2,147.2369852592435,,218
1959,2,147.3820287397183,,218
1960,2,147.5243533580201,,218
1961,2,147.6637005279451,,218
1962,2,147.7988841738635,,218
1963,2,147.9272531178297,,218
1964,2,148.0432722529719,,218
1965,2,148.1417302317161,,218
1966,2,148.2225315190037,,218
1967,2,148.2893110124999,,218
1968,2,148.3435803489966,,218
1969,2,148.3904044103916,,218
1970,2,148.4364143335522,,218
1971,2,148.4841756465185,,218
1972,2,148.5357085918977,,218
1973,2,148.5909230752192,,218
1974,2,148.6482944845749,,218
1975,2,148.7058579435179,,218
1976,2,148.7658167315949,,218
1977,2,148.8312664668106,,218
1978,2,148.899003635489,,218
1979,2,148.9653449637666,,218
1980,2,149.0288232679034,,218
1981,2,149.0880888933967,,218
1982,2,149.1438451465421,,218
1983,2,149.1952056148995,,218
1984,2,149.2428214420136,,218
1985,2,149.2890490040607,,218
1986,2,149.3348498442249,,218
1987,2,149.3810775327148,,218
1988,2,149.4277857716824,,218
1989,2,149.4729483589964,,218
1990,2,149.5133804829697,,218
1991,2,149.5461927231595,,218
1992,2,149.5682753656068,,218
1993,2,149.5760971557582,,218
1994,2,149.5656187599473,,218
1968,2,157.4866432777914,,219
1969,2,157.5463291881656,,219
1970,2,157.5420364258785,,219
1971,2,157.5079557372048,,219
1972,2,157.4612071573702,,219
1973,2,157.4121271449989,,219
1974,2,157.3662006581023,,219
1975,2,157.3286320734741,,219
1976,2,157.298812490761,,219
1977,2,157.2710803580862,,219
1978,2,157.2481160852073,,219
1979,2,157.2336166611742,,219
1980,2,157.2268321568573,,219
1981,2,157.2317311920285,,219
1982,2,157.2503654409471,,219
1983,2,157.2753903206265,,219
1984,2,157.2985805679972,,219
1985,2,157.3141071075037,,219
1986,2,157.3259251250074,,219
1987,2,157.3397520860912,,219
1988,2,157.3561820592335,,219
1953,2,157.255465736687,,220
1954,2,157.5031872889915,,220
1955,2,157.7162620631624,,220
1956,2,157.8851340446212,,220
1957,2,158.0118284421716,,220
1958,2,158.0989172776763,,220
1959,2,158.1687356326191,,220
1960,2,158.2259956738096,,220
1961,2,158.2773122233477,,220
1962,2,158.3236457081333,,220
1963,2,158.3650728174673,,220
1964,2,158.4060507412772,,220
1965,2,158.4482067744203,,220
1966,2,158.4888002803951,,220
1967,2,158.5280693545255,,220
1968,2,158.5674796991461,,220
1969,2,158.6066616065338,,220
1970,2,158.6508098809381,,220
1971,2,158.7011083815314,,220
1972,2,158.7542824862297,,220
1973,2,158.8109762094444,,220
1974,2,158.8744836032787,,220
1975,2,158.9474934048249,,220
1976,2,159.0305617296225,,220
1977,2,159.122098552997,,220
1978,2,159.2157392844291,,220
1979,2,159.3093891026294,,220
1980,2,159.4023502152107,,220
1981,2,159.4933910797274,,220
1982,2,159.5833071136911,,220
1983,2,159.6699925313804,,220
1984,2,159.74827117391,,220
1985,2,159.817542683279,,220
1986,2,159.8774638170153,,220
1987,2,159.9250586418954,,220
1988,2,159.9606591549337,,220
1989,2,159.98677655504,,220
1990,2,160.0021527561365,,220
1991,2,160.0029500245541,,220
1992,2,159.985488825556,,220
1993,2,159.9433903323997,,220
1994,2,159.8665935064291,,220
1995,2,159.7441978221177,,220
1996,2,159.5810319601536,,220
1964,2,152.0115970499245,,221
1965,2,152.1224319877487,,221
1966,2,152.212200363788,,221
1967,2,152.2899411559468,,221
1968,2,152.3602980189959,,221
1969,2,152.4268003612096,,221
1970,2,152.4934207289708,,221
1971,2,152.559204371859,,221
1972,2,152.6221793634749,,221
1973,2,152.6820062632306,,221
1974,2,152.7397169524961,,221
1975,2,152.7965256992526,,221
1976,2,152.8535600746672,,221
1977,2,152.9124317077232,,221
1978,2,152.9753276495289,,221
1979,2,153.0432235027354,,221
1980,2,153.1157498120038,,221
1981,2,153.1937475378447,,221
1982,2,153.2773583485216,,221
1983,2,153.3658352235987,,221
1984,2,153.4600252925716,,221
1985,2,153.5596466786783,,221
1986,2,153.6636922937731,,221
1987,2,153.7700178516366,,221
1988,2,153.8752278443743,,221
1989,2,153.9779513126052,,221
1990,2,154.0826743639317,,221
1991,2,154.1924440209675,,221
1957,2,153.8132747244728,,226
1958,2,153.8525494139567,,226
1959,2,153.8854339009906,,226
1960,2,153.9100549223098,,226
1961,2,153.9280149851738,,226
1962,2,153.9415087213966,,226
1963,2,153.9510198276184,,226
1964,2,153.9553829788985,,226
1965,2,153.9547194034647,,226
1966,2,153.9531815568027,,226
1967,2,153.9549569223533,,226
1968,2,153.9622636815727,,226
1969,2,153.977519654937,,226
1970,2,154.0027977131126,,226
1971,2,154.0383901526584,,226
1972,2,154.0848732593722,,226
1973,2,154.1427553519123,,226
1974,2,154.2128376109213,,226
1975,2,154.2955349181591,,226
1976,2,154.3882660932243,,226
1977,2,154.4873019717564,,226
1978,2,154.5852700950707,,226
1979,2,154.6673157757944,,226
1980,2,154.7110395822751,,226
1950,2,149.1627400726273,,229
1951,2,149.193439070142,,229
1952,2,149.2701347568403,,229
1953,2,149.3840595817769,,229
1954,2,149.5214997491805,,229
1955,2,149.6605446138946,,229
1956,2,149.7937934452923,,229
1957,2,149.9247336858853,,229
1958,2,150.0490475165119,,229
1959,2,150.1661716187819,,229
1960,2,150.2740300672129,,229
1961,2,150.3770588065713,,229
1962,2,150.4789053837149,,229
1963,2,150.5800606085444,,229
1964,2,150.6813421852756,,229
1965,2,150.7833953064584,,229
1966,2,150.8867548193331,,229
1967,2,150.9924915017258,,229
1968,2,151.101550321736,,229
1969,2,151.2138799147975,,229
1970,2,151.3280344571114,,229
1971,2,151.4404576590246,,229
1972,2,151.547340028404,,229
1973,2,151.6459395695973,,229
1974,2,151.7350041391205,,229
1975,2,151.8144908181347,,229
1976,2,151.8855431244124,,229
1977,2,151.9510451102408,,229
1978,2,152.0139487568397,,229
1979,2,152.0769096792812,,229
1980,2,152.1418229584603,,229
1981,2,152.2096231320513,,229
1982,2,152.2819882351405,,229
1983,2,152.3609659585909,,229
1984,2,152.449494175638,,229
1985,2,152.5497173064614,,229
1986,2,152.6619484352114,,229
1987,2,152.786048085334,,229
1988,2,152.9212267255153,,229
1989,2,153.0649614165482,,229
1990,2,153.2169678380294,,229
1991,2,153.3725874797159,,229
