loc,heading2,heading1,has_wimort,has_imr,has_nmr,has_pnm,has_cms,has_ncdcm5,lid
Africa,UN regions,Aggregates,0,1,1,1,0,1,1
Asia,UN regions,Aggregates,0,1,1,1,0,1,2
Europe,UN regions,Aggregates,0,1,1,1,0,1,3
Latin America and the Caribbean,UN regions,Aggregates,0,1,1,1,0,1,4
Northern America,UN regions,Aggregates,0,1,1,1,0,1,5
Oceania,UN regions,Aggregates,0,1,1,1,0,1,6
Australia/New Zealand,UN subregions,Aggregates,0,1,1,1,0,1,7
Caribbean,UN subregions,Aggregates,0,1,1,1,0,1,8
Central America,UN subregions,Aggregates,0,1,1,1,0,1,9
Central Asia,UN subregions,Aggregates,0,1,1,1,0,1,10
Eastern Africa,UN subregions,Aggregates,0,1,1,1,0,1,11
Eastern Asia,UN subregions,Aggregates,0,1,1,1,0,1,12
Eastern Europe,UN subregions,Aggregates,0,1,1,1,0,1,13
Melanesia,UN subregions,Aggregates,0,1,1,1,0,1,14
Micronesia,UN subregions,Aggregates,0,1,1,1,0,1,15
Middle Africa,UN subregions,Aggregates,0,1,1,1,0,1,16
Northern Africa,UN subregions,Aggregates,0,1,1,1,0,1,17
Northern America,UN subregions,Aggregates,0,1,1,1,0,1,18
Northern Europe,UN subregions,Aggregates,0,1,1,1,0,1,19
Polynesia,UN subregions,Aggregates,0,1,1,1,0,1,20
South America,UN subregions,Aggregates,0,1,1,1,0,1,21
South-Eastern Asia,UN subregions,Aggregates,0,1,1,1,0,1,22
Southern Africa,UN subregions,Aggregates,0,1,1,1,0,1,23
Southern Asia,UN subregions,Aggregates,0,1,1,1,0,1,24
Southern Europe,UN subregions,Aggregates,0,1,1,1,0,1,25
Western Africa,UN subregions,Aggregates,0,1,1,1,0,1,26
Western Asia,UN subregions,Aggregates,0,1,1,1,0,1,27
Western Europe,UN subregions,Aggregates,0,1,1,1,0,1,28
High-income countries,World Bank Income groups,Aggregates,0,1,1,1,0,1,29
Low-income countries,World Bank Income groups,Aggregates,0,1,1,1,0,1,30
Lower-middle-income countries,World Bank Income groups,Aggregates,0,1,1,1,0,1,31
No income group available,World Bank Income groups,Aggregates,0,1,1,1,0,1,32
Upper-middle-income countries,World Bank Income groups,Aggregates,0,1,1,1,0,1,33
Global,global,Aggregates,0,1,1,1,0,1,34
Algeria,Africa,Countries and territories,0,1,1,1,0,1,35
Angola,Africa,Countries and territories,1,1,1,1,0,1,36
Benin,Africa,Countries and territories,1,1,1,1,1,1,37
Botswana,Africa,Countries and territories,0,1,1,1,0,1,38
Burkina Faso,Africa,Countries and territories,1,1,1,1,1,1,39
Burundi,Africa,Countries and territories,1,1,1,1,0,1,40
Cabo Verde,Africa,Countries and territories,0,1,1,1,0,1,41
Cameroon,Africa,Countries and territories,1,1,1,1,1,1,42
Central African Republic,Africa,Countries and territories,1,1,1,1,1,1,43
Chad,Africa,Countries and territories,1,1,1,1,1,1,44
Comoros,Africa,Countries and territories,1,1,1,1,1,1,45
Congo,Africa,Countries and territories,1,1,1,1,0,1,46
Congo DR,Africa,Countries and territories,1,1,1,1,0,1,47
Côte d'Ivoire,Africa,Countries and territories,1,1,1,1,1,1,48
Djibouti,Africa,Countries and territories,0,1,1,1,0,1,49
Egypt,Africa,Countries and territories,1,1,1,1,1,1,50
Equatorial Guinea,Africa,Countries and territories,0,1,1,1,0,1,51
Eritrea,Africa,Countries and territories,0,1,1,1,0,1,52
Eswatini,Africa,Countries and territories,1,1,1,1,0,1,53
Ethiopia,Africa,Countries and territories,1,1,1,1,1,1,54
Gabon,Africa,Countries and territories,1,1,1,1,1,1,55
Gambia,Africa,Countries and territories,1,1,1,1,0,1,56
Ghana,Africa,Countries and territories,1,1,1,1,1,1,57
Guinea,Africa,Countries and territories,1,1,1,1,1,1,58
Guinea-Bissau,Africa,Countries and territories,0,1,1,1,0,1,59
Kenya,Africa,Countries and territories,1,1,1,1,1,1,60
Lesotho,Africa,Countries and territories,1,1,1,1,0,1,61
Liberia,Africa,Countries and territories,1,1,1,1,0,1,62
Libya,Africa,Countries and territories,0,1,1,1,0,1,63
Madagascar,Africa,Countries and territories,1,1,1,1,1,1,64
Malawi,Africa,Countries and territories,1,1,1,1,1,1,65
Mali,Africa,Countries and territories,1,1,1,1,1,1,66
Mauritania,Africa,Countries and territories,1,1,1,1,0,1,67
Mauritius,Africa,Countries and territories,0,1,1,1,0,1,68
Mayotte,Africa,Countries and territories,0,1,0,0,0,0,69
Morocco,Africa,Countries and territories,1,1,1,1,1,1,70
Mozambique,Africa,Countries and territories,1,1,1,1,1,1,71
Namibia,Africa,Countries and territories,1,1,1,1,1,1,72
Niger,Africa,Countries and territories,1,1,1,1,1,1,73
Nigeria,Africa,Countries and territories,1,1,1,1,1,1,74
Rwanda,Africa,Countries and territories,1,1,1,1,1,1,75
Réunion,Africa,Countries and territories,0,1,0,0,0,0,76
Saint Helena,Africa,Countries and territories,0,1,0,0,0,0,77
Sao Tome and Principe,Africa,Countries and territories,1,1,1,1,0,1,78
Senegal,Africa,Countries and territories,1,1,1,1,1,1,79
Seychelles,Africa,Countries and territories,0,1,1,1,0,1,80
Sierra Leone,Africa,Countries and territories,1,1,1,1,0,1,81
Somalia,Africa,Countries and territories,0,1,1,1,0,1,82
South Africa,Africa,Countries and territories,1,1,1,1,1,1,83
South Sudan,Africa,Countries and territories,0,1,1,1,0,0,84
Sudan,Africa,Countries and territories,0,1,1,1,0,1,85
Tanzania,Africa,Countries and territories,1,1,1,1,1,1,86
Togo,Africa,Countries and territories,1,1,1,1,1,1,87
Tunisia,Africa,Countries and territories,0,1,1,1,0,1,88
Uganda,Africa,Countries and territories,1,1,1,1,1,1,89
Western Sahara,Africa,Countries and territories,0,1,0,0,0,0,90
Zambia,Africa,Countries and territories,1,1,1,1,1,1,91
Zimbabwe,Africa,Countries and territories,1,1,1,1,1,1,92
Afghanistan,Asia,Countries and territories,1,1,1,1,0,1,93
Armenia,Asia,Countries and territories,1,1,1,1,1,1,94
Azerbaijan,Asia,Countries and territories,1,1,1,1,0,1,95
Bahrain,Asia,Countries and territories,0,1,1,1,0,1,96
Bangladesh,Asia,Countries and territories,1,1,1,1,1,1,97
Bhutan,Asia,Countries and territories,0,1,1,1,0,1,98
Brunei Darussalam,Asia,Countries and territories,0,1,1,1,0,1,99
Cambodia,Asia,Countries and territories,1,1,1,1,1,1,100
China,Asia,Countries and territories,0,1,1,1,0,1,101
Cyprus,Asia,Countries and territories,0,1,1,1,0,1,102
Georgia,Asia,Countries and territories,0,1,1,1,0,1,103
Hong Kong,Asia,Countries and territories,0,1,0,0,0,1,104
India,Asia,Countries and territories,1,1,1,1,1,1,105
Indonesia,Asia,Countries and territories,1,1,1,1,0,1,106
Iran,Asia,Countries and territories,0,1,1,1,0,1,107
Iraq,Asia,Countries and territories,0,1,1,1,0,1,108
Israel,Asia,Countries and territories,0,1,1,1,0,1,109
Japan,Asia,Countries and territories,0,1,1,1,0,1,110
Jordan,Asia,Countries and territories,1,1,1,1,1,1,111
Kazakhstan,Asia,Countries and territories,1,1,1,1,1,1,112
Kuwait,Asia,Countries and territories,0,1,1,1,0,1,113
Kyrgyzstan,Asia,Countries and territories,1,1,1,1,1,1,114
Lao,Asia,Countries and territories,0,1,1,1,0,1,115
Lebanon,Asia,Countries and territories,0,1,1,1,0,1,116
Macao,Asia,Countries and territories,0,1,0,0,0,0,117
Malaysia,Asia,Countries and territories,0,1,1,1,0,1,118
Maldives,Asia,Countries and territories,1,1,1,1,0,1,119
Mongolia,Asia,Countries and territories,0,1,1,1,0,1,120
Myanmar,Asia,Countries and territories,1,1,1,1,0,1,121
Nepal,Asia,Countries and territories,1,1,1,1,1,1,122
North Korea,Asia,Countries and territories,0,1,1,1,0,1,123
Oman,Asia,Countries and territories,0,1,1,1,0,1,124
Pakistan,Asia,Countries and territories,1,1,1,1,1,1,125
Palestine,Asia,Countries and territories,0,1,1,1,0,1,126
Philippines,Asia,Countries and territories,1,1,1,1,0,1,127
Qatar,Asia,Countries and territories,0,1,1,1,0,1,128
Saudi Arabia,Asia,Countries and territories,0,1,1,1,0,1,129
Singapore,Asia,Countries and territories,0,1,1,1,0,1,130
South Korea,Asia,Countries and territories,0,1,1,1,0,1,131
Sri Lanka,Asia,Countries and territories,0,1,1,1,0,1,132
Syria,Asia,Countries and territories,0,1,1,1,0,1,133
Taiwan,Asia,Countries and territories,0,1,1,1,0,1,134
Tajikistan,Asia,Countries and territories,1,1,1,1,0,1,135
Thailand,Asia,Countries and territories,0,1,1,1,0,1,136
Timor-Leste,Asia,Countries and territories,1,1,1,1,0,1,137
Turkmenistan,Asia,Countries and territories,0,1,1,1,0,1,138
Türkiye,Asia,Countries and territories,1,1,1,1,1,1,139
United Arab Emirates,Asia,Countries and territories,0,1,1,1,0,1,140
Uzbekistan,Asia,Countries and territories,1,1,1,1,1,1,141
Viet Nam,Asia,Countries and territories,1,1,1,1,0,1,142
Yemen,Asia,Countries and territories,1,1,1,1,0,1,143
Albania,Europe,Countries and territories,1,1,1,1,0,1,144
Andorra,Europe,Countries and territories,0,1,1,1,0,1,145
Austria,Europe,Countries and territories,0,1,1,1,0,1,146
Belarus,Europe,Countries and territories,0,1,1,1,0,1,147
Belgium,Europe,Countries and territories,0,1,1,1,0,1,148
Bosnia and Herzegovina,Europe,Countries and territories,0,1,1,1,0,1,149
Bulgaria,Europe,Countries and territories,0,1,1,1,0,1,150
Croatia,Europe,Countries and territories,0,1,1,1,0,1,151
Czechia,Europe,Countries and territories,0,1,1,1,0,1,152
Denmark,Europe,Countries and territories,0,1,1,1,0,1,153
Estonia,Europe,Countries and territories,0,1,1,1,0,1,154
Faroe Islands,Europe,Countries and territories,0,1,0,0,0,0,155
Finland,Europe,Countries and territories,0,1,1,1,0,1,156
France,Europe,Countries and territories,0,1,1,1,0,1,157
Germany,Europe,Countries and territories,0,1,1,1,0,1,158
Gibraltar,Europe,Countries and territories,0,1,0,0,0,0,159
Greece,Europe,Countries and territories,0,1,1,1,0,1,160
Guernsey,Europe,Countries and territories,0,1,0,0,0,0,161
Holy See,Europe,Countries and territories,0,1,0,0,0,0,162
Hungary,Europe,Countries and territories,0,1,1,1,0,1,163
Iceland,Europe,Countries and territories,0,1,1,1,0,1,164
Ireland,Europe,Countries and territories,0,1,1,1,0,1,165
Isle of Man,Europe,Countries and territories,0,1,0,0,0,0,166
Italy,Europe,Countries and territories,0,1,1,1,0,1,167
Jersey,Europe,Countries and territories,0,1,0,0,0,0,168
Kosovo,Europe,Countries and territories,0,1,0,0,0,0,169
Latvia,Europe,Countries and territories,0,1,1,1,0,1,170
Liechtenstein,Europe,Countries and territories,0,1,0,0,0,0,171
Lithuania,Europe,Countries and territories,0,1,1,1,0,1,172
Luxembourg,Europe,Countries and territories,0,1,1,1,0,1,173
Malta,Europe,Countries and territories,0,1,1,1,0,1,174
Moldova,Europe,Countries and territories,1,1,1,1,0,1,175
Monaco,Europe,Countries and territories,0,1,1,1,0,0,176
Montenegro,Europe,Countries and territories,0,1,1,1,0,1,177
Netherlands,Europe,Countries and territories,0,1,1,1,0,1,178
North Macedonia,Europe,Countries and territories,0,1,1,1,0,1,179
Norway,Europe,Countries and territories,0,1,1,1,0,1,180
Poland,Europe,Countries and territories,0,1,1,1,0,1,181
Portugal,Europe,Countries and territories,0,1,1,1,0,1,182
Romania,Europe,Countries and territories,0,1,1,1,0,1,183
Russia,Europe,Countries and territories,0,1,1,1,0,1,184
San Marino,Europe,Countries and territories,0,1,1,1,0,0,185
Serbia,Europe,Countries and territories,0,1,1,1,0,1,186
Slovakia,Europe,Countries and territories,0,1,1,1,0,1,187
Slovenia,Europe,Countries and territories,0,1,1,1,0,1,188
Spain,Europe,Countries and territories,0,1,1,1,0,1,189
Sweden,Europe,Countries and territories,0,1,1,1,0,1,190
Switzerland,Europe,Countries and territories,0,1,1,1,0,1,191
Ukraine,Europe,Countries and territories,1,1,1,1,0,1,192
United Kingdom,Europe,Countries and territories,0,1,1,1,0,1,193
Anguilla,Latin America and the Caribbean,Countries and territories,0,1,0,0,0,0,194
Antigua and Barbuda,Latin America and the Caribbean,Countries and territories,0,1,1,1,0,1,195
Argentina,Latin America and the Caribbean,Countries and territories,0,1,1,1,0,1,196
Aruba,Latin America and the Caribbean,Countries and territories,0,1,0,0,0,0,197
Bahamas,Latin America and the Caribbean,Countries and territories,0,1,1,1,0,1,198
Barbados,Latin America and the Caribbean,Countries and territories,0,1,1,1,0,1,199
Belize,Latin America and the Caribbean,Countries and territories,0,1,1,1,0,1,200
Bolivia,Latin America and the Caribbean,Countries and territories,1,1,1,1,1,1,201
"Bonaire, Sint Eustatius and Saba",Latin America and the Caribbean,Countries and territories,0,1,0,0,0,0,202
Brazil,Latin America and the Caribbean,Countries and territories,1,1,1,1,1,1,203
British Virgin Islands,Latin America and the Caribbean,Countries and territories,0,1,0,0,0,0,204
Cayman Islands,Latin America and the Caribbean,Countries and territories,0,1,0,0,0,0,205
Chile,Latin America and the Caribbean,Countries and territories,0,1,1,1,0,1,206
Colombia,Latin America and the Caribbean,Countries and territories,1,1,1,1,1,1,207
Costa Rica,Latin America and the Caribbean,Countries and territories,0,1,1,1,0,1,208
Cuba,Latin America and the Caribbean,Countries and territories,0,1,1,1,0,1,209
Curaçao,Latin America and the Caribbean,Countries and territories,0,1,0,0,0,0,210
Dominica,Latin America and the Caribbean,Countries and territories,0,1,1,1,0,1,211
Dominican Republic,Latin America and the Caribbean,Countries and territories,1,1,1,1,1,1,212
Ecuador,Latin America and the Caribbean,Countries and territories,0,1,1,1,0,1,213
El Salvador,Latin America and the Caribbean,Countries and territories,0,1,1,1,0,1,214
Falkland Islands,Latin America and the Caribbean,Countries and territories,0,1,0,0,0,0,215
French Guiana,Latin America and the Caribbean,Countries and territories,0,1,0,0,0,0,216
Grenada,Latin America and the Caribbean,Countries and territories,0,1,1,1,0,1,217
Guadeloupe,Latin America and the Caribbean,Countries and territories,0,1,0,0,0,0,218
Guatemala,Latin America and the Caribbean,Countries and territories,1,1,1,1,1,1,219
Guyana,Latin America and the Caribbean,Countries and territories,1,1,1,1,0,1,220
Haiti,Latin America and the Caribbean,Countries and territories,1,1,1,1,1,1,221
Honduras,Latin America and the Caribbean,Countries and territories,1,1,1,1,0,1,222
Jamaica,Latin America and the Caribbean,Countries and territories,0,1,1,1,0,1,223
Martinique,Latin America and the Caribbean,Countries and territories,0,1,0,0,0,0,224
Mexico,Latin America and the Caribbean,Countries and territories,0,1,1,1,0,1,225
Montserrat,Latin America and the Caribbean,Countries and territories,0,1,0,0,0,0,226
Nicaragua,Latin America and the Caribbean,Countries and territories,1,1,1,1,1,1,227
Panama,Latin America and the Caribbean,Countries and territories,0,1,1,1,0,1,228
Paraguay,Latin America and the Caribbean,Countries and territories,1,1,1,1,0,1,229
Peru,Latin America and the Caribbean,Countries and territories,1,1,1,1,1,1,230
Puerto Rico,Latin America and the Caribbean,Countries and territories,0,1,1,1,0,1,231
Saint Barthélemy,Latin America and the Caribbean,Countries and territories,0,1,0,0,0,0,232
Saint Kitts and Nevis,Latin America and the Caribbean,Countries and territories,0,1,1,1,0,1,233
Saint Lucia,Latin America and the Caribbean,Countries and territories,0,1,1,1,0,1,234
Saint Martin (French),Latin America and the Caribbean,Countries and territories,0,1,0,0,0,0,235
Saint Vincent and the Grenadines,Latin America and the Caribbean,Countries and territories,0,1,1,1,0,1,236
Sint Maarten (Dutch),Latin America and the Caribbean,Countries and territories,0,1,0,0,0,0,237
Suriname,Latin America and the Caribbean,Countries and territories,0,1,1,1,0,1,238
Trinidad and Tobago,Latin America and the Caribbean,Countries and territories,0,1,1,1,0,1,239
Turks and Caicos Islands,Latin America and the Caribbean,Countries and territories,0,1,0,0,0,0,240
US Virgin Islands,Latin America and the Caribbean,Countries and territories,0,1,1,1,0,0,241
Uruguay,Latin America and the Caribbean,Countries and territories,0,1,1,1,0,1,242
Venezuela,Latin America and the Caribbean,Countries and territories,0,1,1,1,0,1,243
Bermuda,Northern America,Countries and territories,0,1,1,1,0,1,244
Canada,Northern America,Countries and territories,0,1,1,1,0,1,245
Greenland,Northern America,Countries and territories,0,1,1,1,0,1,246
Saint Pierre and Miquelon,Northern America,Countries and territories,0,1,0,0,0,0,247
United States,Northern America,Countries and territories,0,1,1,1,0,1,248
American Samoa,Oceania,Countries and territories,0,1,1,1,0,1,249
Australia,Oceania,Countries and territories,0,1,1,1,0,1,250
Cook Islands,Oceania,Countries and territories,0,1,1,1,0,1,251
Fiji,Oceania,Countries and territories,0,1,1,1,0,1,252
French Polynesia,Oceania,Countries and territories,0,1,0,0,0,1,253
Guam,Oceania,Countries and territories,0,1,1,1,0,0,254
Kiribati,Oceania,Countries and territories,0,1,1,1,0,1,255
Marshall Islands,Oceania,Countries and territories,0,1,1,1,0,1,256
Micronesia,Oceania,Countries and territories,0,1,1,1,0,1,257
Nauru,Oceania,Countries and territories,0,1,1,1,0,1,258
New Caledonia,Oceania,Countries and territories,0,1,0,0,0,0,259
New Zealand,Oceania,Countries and territories,0,1,1,1,0,1,260
Niue,Oceania,Countries and territories,0,1,1,1,0,1,261
Northern Mariana Islands,Oceania,Countries and territories,0,1,1,1,0,0,262
Palau,Oceania,Countries and territories,0,1,1,1,0,1,263
Papua New Guinea,Oceania,Countries and territories,1,1,1,1,0,1,264
Samoa,Oceania,Countries and territories,0,1,1,1,0,1,265
Solomon Islands,Oceania,Countries and territories,0,1,1,1,0,1,266
Tokelau,Oceania,Countries and territories,0,1,1,1,0,1,267
Tonga,Oceania,Countries and territories,0,1,1,1,0,1,268
Tuvalu,Oceania,Countries and territories,0,1,1,1,0,1,269
Vanuatu,Oceania,Countries and territories,0,1,1,1,0,1,270
Wallis and Futuna Islands,Oceania,Countries and territories,0,1,0,0,0,0,271
Total Canada,Canada,Subnational regions,0,1,0,0,0,0,272
Alberta,Canada,Subnational regions,0,1,0,0,0,0,273
British Columbia,Canada,Subnational regions,0,1,0,0,0,0,274
Manitoba,Canada,Subnational regions,0,1,0,0,0,0,275
New Brunswick,Canada,Subnational regions,0,1,0,0,0,0,276
Newfoundland,Canada,Subnational regions,0,1,0,0,0,0,277
Northwest Territories,Canada,Subnational regions,0,1,0,0,0,0,278
Nova Scotia,Canada,Subnational regions,0,1,0,0,0,0,279
Ontario,Canada,Subnational regions,0,1,0,0,0,0,280
Prince Edward Island,Canada,Subnational regions,0,1,0,0,0,0,281
Quebec,Canada,Subnational regions,0,1,0,0,0,0,282
Saskatchewan,Canada,Subnational regions,0,1,0,0,0,0,283
Yukon,Canada,Subnational regions,0,1,0,0,0,0,284
Total France,France,Subnational regions,0,1,1,1,0,1,285
Auvergne-Rhône-Alpes,France,Subnational regions,0,1,0,0,0,0,286
Bourgogne-Franche-Comté,France,Subnational regions,0,1,0,0,0,0,287
Bretagne,France,Subnational regions,0,1,0,0,0,0,288
Centre-Val de Loire,France,Subnational regions,0,1,0,0,0,0,289
Corse,France,Subnational regions,0,1,0,0,0,0,290
Grand Est,France,Subnational regions,0,1,0,0,0,0,291
Hauts-de-France,France,Subnational regions,0,1,0,0,0,0,292
Normandie,France,Subnational regions,0,1,0,0,0,0,293
Nouvelle-Aquitaine,France,Subnational regions,0,1,0,0,0,0,294
Occitanie,France,Subnational regions,0,1,0,0,0,0,295
Pays de la Loire,France,Subnational regions,0,1,0,0,0,0,296
Provence-Alpes-Côte d’Azur,France,Subnational regions,0,1,0,0,0,0,297
Île de France,France,Subnational regions,0,1,0,0,0,0,298
Total Japan,Japan,Subnational regions,0,1,0,0,0,0,299
Aichi,Japan,Subnational regions,0,1,0,0,0,0,300
Akita,Japan,Subnational regions,0,1,0,0,0,0,301
Aomori,Japan,Subnational regions,0,1,0,0,0,0,302
Chiba,Japan,Subnational regions,0,1,0,0,0,0,303
Ehime,Japan,Subnational regions,0,1,0,0,0,0,304
Fukui,Japan,Subnational regions,0,1,0,0,0,0,305
Fukuoka,Japan,Subnational regions,0,1,0,0,0,0,306
Fukushima,Japan,Subnational regions,0,1,0,0,0,0,307
Gifu,Japan,Subnational regions,0,1,0,0,0,0,308
Gumma,Japan,Subnational regions,0,1,0,0,0,0,309
Hiroshima,Japan,Subnational regions,0,1,0,0,0,0,310
Hokkaido,Japan,Subnational regions,0,1,0,0,0,0,311
Hyogo,Japan,Subnational regions,0,1,0,0,0,0,312
Ibaraki,Japan,Subnational regions,0,1,0,0,0,0,313
Ishikawa,Japan,Subnational regions,0,1,0,0,0,0,314
Iwate,Japan,Subnational regions,0,1,0,0,0,0,315
Kagawa,Japan,Subnational regions,0,1,0,0,0,0,316
Kagoshima,Japan,Subnational regions,0,1,0,0,0,0,317
Kanagawa,Japan,Subnational regions,0,1,0,0,0,0,318
Kochi,Japan,Subnational regions,0,1,0,0,0,0,319
Kumamoto,Japan,Subnational regions,0,1,0,0,0,0,320
Kyoto,Japan,Subnational regions,0,1,0,0,0,0,321
Mie,Japan,Subnational regions,0,1,0,0,0,0,322
Miyagi,Japan,Subnational regions,0,1,0,0,0,0,323
Miyazaki,Japan,Subnational regions,0,1,0,0,0,0,324
Nagano,Japan,Subnational regions,0,1,0,0,0,0,325
Nagasaki,Japan,Subnational regions,0,1,0,0,0,0,326
Nara,Japan,Subnational regions,0,1,0,0,0,0,327
Niigata,Japan,Subnational regions,0,1,0,0,0,0,328
Oita,Japan,Subnational regions,0,1,0,0,0,0,329
Okayama,Japan,Subnational regions,0,1,0,0,0,0,330
Okinawa,Japan,Subnational regions,0,1,0,0,0,0,331
Osaka,Japan,Subnational regions,0,1,0,0,0,0,332
Saga,Japan,Subnational regions,0,1,0,0,0,0,333
Saitama,Japan,Subnational regions,0,1,0,0,0,0,334
Shiga,Japan,Subnational regions,0,1,0,0,0,0,335
Shimane,Japan,Subnational regions,0,1,0,0,0,0,336
Shizuoka,Japan,Subnational regions,0,1,0,0,0,0,337
Tochigi,Japan,Subnational regions,0,1,0,0,0,0,338
Tokushima,Japan,Subnational regions,0,1,0,0,0,0,339
Tokyo,Japan,Subnational regions,0,1,0,0,0,0,340
Tottori,Japan,Subnational regions,0,1,0,0,0,0,341
Toyama,Japan,Subnational regions,0,1,0,0,0,0,342
Wakayama,Japan,Subnational regions,0,1,0,0,0,0,343
Yamagata,Japan,Subnational regions,0,1,0,0,0,0,344
Yamaguchi,Japan,Subnational regions,0,1,0,0,0,0,345
Yamanashi,Japan,Subnational regions,0,1,0,0,0,0,346
Total United States,USA,Subnational regions,0,1,0,0,0,0,347
Alabama,USA,Subnational regions,0,1,0,0,0,0,348
Alaska,USA,Subnational regions,0,1,0,0,0,0,349
Arizona,USA,Subnational regions,0,1,0,0,0,0,350
Arkansas,USA,Subnational regions,0,1,0,0,0,0,351
California,USA,Subnational regions,0,1,0,0,0,0,352
Colorado,USA,Subnational regions,0,1,0,0,0,0,353
Connecticut,USA,Subnational regions,0,1,0,0,0,0,354
Delaware,USA,Subnational regions,0,1,0,0,0,0,355
District of Columbia,USA,Subnational regions,0,1,0,0,0,0,356
Florida,USA,Subnational regions,0,1,0,0,0,0,357
Georgia,USA,Subnational regions,0,1,0,0,0,0,358
Hawaii,USA,Subnational regions,0,1,0,0,0,0,359
Idaho,USA,Subnational regions,0,1,0,0,0,0,360
Illinois,USA,Subnational regions,0,1,0,0,0,0,361
Indiana,USA,Subnational regions,0,1,0,0,0,0,362
Iowa,USA,Subnational regions,0,1,0,0,0,0,363
Kansas,USA,Subnational regions,0,1,0,0,0,0,364
Kentucky,USA,Subnational regions,0,1,0,0,0,0,365
Louisiana,USA,Subnational regions,0,1,0,0,0,0,366
Maine,USA,Subnational regions,0,1,0,0,0,0,367
Maryland,USA,Subnational regions,0,1,0,0,0,0,368
Massachusetts,USA,Subnational regions,0,1,0,0,0,0,369
Michigan,USA,Subnational regions,0,1,0,0,0,0,370
Minnesota,USA,Subnational regions,0,1,0,0,0,0,371
Mississippi,USA,Subnational regions,0,1,0,0,0,0,372
Missouri,USA,Subnational regions,0,1,0,0,0,0,373
Montana,USA,Subnational regions,0,1,0,0,0,0,374
Nebraska,USA,Subnational regions,0,1,0,0,0,0,375
Nevada,USA,Subnational regions,0,1,0,0,0,0,376
New Hampshire,USA,Subnational regions,0,1,0,0,0,0,377
New Jersey,USA,Subnational regions,0,1,0,0,0,0,378
New Mexico,USA,Subnational regions,0,1,0,0,0,0,379
New York,USA,Subnational regions,0,1,0,0,0,0,380
North Carolina,USA,Subnational regions,0,1,0,0,0,0,381
North Dakota,USA,Subnational regions,0,1,0,0,0,0,382
Ohio,USA,Subnational regions,0,1,0,0,0,0,383
Oklahoma,USA,Subnational regions,0,1,0,0,0,0,384
Oregon,USA,Subnational regions,0,1,0,0,0,0,385
Pennsylvania,USA,Subnational regions,0,1,0,0,0,0,386
Rhode Island,USA,Subnational regions,0,1,0,0,0,0,387
South Carolina,USA,Subnational regions,0,1,0,0,0,0,388
South Dakota,USA,Subnational regions,0,1,0,0,0,0,389
Tennessee,USA,Subnational regions,0,1,0,0,0,0,390
Texas,USA,Subnational regions,0,1,0,0,0,0,391
Utah,USA,Subnational regions,0,1,0,0,0,0,392
Vermont,USA,Subnational regions,0,1,0,0,0,0,393
Virginia,USA,Subnational regions,0,1,0,0,0,0,394
Washington,USA,Subnational regions,0,1,0,0,0,0,395
West Virginia,USA,Subnational regions,0,1,0,0,0,0,396
Wisconsin,USA,Subnational regions,0,1,0,0,0,0,397
Wyoming,USA,Subnational regions,0,1,0,0,0,0,398
"All countries, highest each year",Global,Lowest or highest mortality,0,1,1,1,0,1,399
"All countries, lowest each year",Global,Lowest or highest mortality,0,1,1,1,0,1,400
"All subnational regions, highest each year",Subnational regions,Lowest or highest mortality,0,1,0,0,0,0,401
"All subnational regions, lowest each year",Subnational regions,Lowest or highest mortality,0,1,0,0,0,0,402
"Canada, highest each year",Subnational regions,Lowest or highest mortality,0,1,0,0,0,0,403
"Canada, lowest each year",Subnational regions,Lowest or highest mortality,0,1,0,0,0,0,404
"France, highest each year",Subnational regions,Lowest or highest mortality,0,1,0,0,0,0,405
"France, lowest each year",Subnational regions,Lowest or highest mortality,0,1,0,0,0,0,406
"Japan, highest each year",Subnational regions,Lowest or highest mortality,0,1,0,0,0,0,407
"Japan, lowest each year",Subnational regions,Lowest or highest mortality,0,1,0,0,0,0,408
"USA, highest each year",Subnational regions,Lowest or highest mortality,0,1,0,0,0,0,409
"USA, lowest each year",Subnational regions,Lowest or highest mortality,0,1,0,0,0,0,410
"Australia/New Zealand, highest each year",UN subregions,Lowest or highest mortality,0,1,1,1,0,1,411
"Australia/New Zealand, lowest each year",UN subregions,Lowest or highest mortality,0,1,1,1,0,1,412
"Caribbean, highest each year",UN subregions,Lowest or highest mortality,0,1,1,1,0,1,413
"Caribbean, lowest each year",UN subregions,Lowest or highest mortality,0,1,1,1,0,1,414
"Central America, highest each year",UN subregions,Lowest or highest mortality,0,1,1,1,0,1,415
"Central America, lowest each year",UN subregions,Lowest or highest mortality,0,1,1,1,0,1,416
"Central Asia, highest each year",UN subregions,Lowest or highest mortality,0,1,1,1,0,1,417
"Central Asia, lowest each year",UN subregions,Lowest or highest mortality,0,1,1,1,0,1,418
"Eastern Africa, highest each year",UN subregions,Lowest or highest mortality,0,1,1,1,0,1,419
"Eastern Africa, lowest each year",UN subregions,Lowest or highest mortality,0,1,1,1,0,1,420
"Eastern Asia, highest each year",UN subregions,Lowest or highest mortality,0,1,1,1,0,1,421
"Eastern Asia, lowest each year",UN subregions,Lowest or highest mortality,0,1,1,1,0,1,422
"Eastern Europe, highest each year",UN subregions,Lowest or highest mortality,0,1,1,1,0,1,423
"Eastern Europe, lowest each year",UN subregions,Lowest or highest mortality,0,1,1,1,0,1,424
"Melanesia, highest each year",UN subregions,Lowest or highest mortality,0,1,1,1,0,1,425
"Melanesia, lowest each year",UN subregions,Lowest or highest mortality,0,1,1,1,0,1,426
"Micronesia, highest each year",UN subregions,Lowest or highest mortality,0,1,1,1,0,1,427
"Micronesia, lowest each year",UN subregions,Lowest or highest mortality,0,1,1,1,0,1,428
"Middle Africa, highest each year",UN subregions,Lowest or highest mortality,0,1,1,1,0,1,429
"Middle Africa, lowest each year",UN subregions,Lowest or highest mortality,0,1,1,1,0,1,430
"Northern Africa, highest each year",UN subregions,Lowest or highest mortality,0,1,1,1,0,1,431
"Northern Africa, lowest each year",UN subregions,Lowest or highest mortality,0,1,1,1,0,1,432
"Northern America, highest each year",UN subregions,Lowest or highest mortality,0,1,1,1,0,1,433
"Northern America, lowest each year",UN subregions,Lowest or highest mortality,0,1,1,1,0,1,434
"Northern Europe, highest each year",UN subregions,Lowest or highest mortality,0,1,1,1,0,1,435
"Northern Europe, lowest each year",UN subregions,Lowest or highest mortality,0,1,1,1,0,1,436
"Polynesia, highest each year",UN subregions,Lowest or highest mortality,0,1,1,1,0,1,437
"Polynesia, lowest each year",UN subregions,Lowest or highest mortality,0,1,1,1,0,1,438
"South America, highest each year",UN subregions,Lowest or highest mortality,0,1,1,1,0,1,439
"South America, lowest each year",UN subregions,Lowest or highest mortality,0,1,1,1,0,1,440
"South-Eastern Asia, highest each year",UN subregions,Lowest or highest mortality,0,1,1,1,0,1,441
"South-Eastern Asia, lowest each year",UN subregions,Lowest or highest mortality,0,1,1,1,0,1,442
"Southern Africa, highest each year",UN subregions,Lowest or highest mortality,0,1,1,1,0,1,443
"Southern Africa, lowest each year",UN subregions,Lowest or highest mortality,0,1,1,1,0,1,444
"Southern Asia, highest each year",UN subregions,Lowest or highest mortality,0,1,1,1,0,1,445
"Southern Asia, lowest each year",UN subregions,Lowest or highest mortality,0,1,1,1,0,1,446
"Southern Europe, highest each year",UN subregions,Lowest or highest mortality,0,1,1,1,0,1,447
"Southern Europe, lowest each year",UN subregions,Lowest or highest mortality,0,1,1,1,0,1,448
"Western Africa, highest each year",UN subregions,Lowest or highest mortality,0,1,1,1,0,1,449
"Western Africa, lowest each year",UN subregions,Lowest or highest mortality,0,1,1,1,0,1,450
"Western Asia, highest each year",UN subregions,Lowest or highest mortality,0,1,1,1,0,1,451
"Western Asia, lowest each year",UN subregions,Lowest or highest mortality,0,1,1,1,0,1,452
"Western Europe, highest each year",UN subregions,Lowest or highest mortality,0,1,1,1,0,1,453
"Western Europe, lowest each year",UN subregions,Lowest or highest mortality,0,1,1,1,0,1,454
