surveyyear,wi,NMR,CH,PNM,lid
2015,Richer,23.819996,22.98222,18.928127,35
2011,Richer,23.978495,38.289276,30.895163,35
2023,Poorest,16.677399,24.682701,15.997269,35
2015,Richest,11.544586,14.241937,13.038076,35
2023,Poorer,22.022223,29.766796,17.934889,35
2011,Middle,29.403564,44.855946,26.762661,35
2023,Richer,9.647172,12.845057,13.130672,35
2023,Richest,13.805674,5.4344926,7.7431507,35
2011,Richest,25.736935,19.936123,19.375599,35
2011,Poorest,25.421268,52.839745,27.603615,35
2023,Middle,14.538529,23.074003,14.29824,35
2015,Poorest,31.094551,39.713051,31.342125,35
2011,Poorer,29.627941,60.273952,39.623562,35
2015,Middle,21.36474,26.062565,25.527819,35
2015,Poorer,29.497725,39.368114,34.270546,35
2017,Richer,39.295105,38.241879,25.382225,36
2012,Richest,20.427832,13.722301,9.7814655,36
2012,Poorest,25.890642,35.197838,26.716108,36
2017,Poorer,38.511353,54.236443,31.576431,36
2012,Poorer,24.523523,39.423634,26.143171,36
2006,Middle,40.521481,69.285919,39.621479,36
1996,Richer,53.149258,74.612473,50.610821,36
2012,Richer,26.229177,21.149031,17.70088,36
2001,Richest,31.267578,43.08387,18.727917,36
2001,Richer,32.154636,54.053257,45.957775,36
2006,Poorest,34.272335,71.348534,45.771503,36
2001,Poorer,45.462528,67.828903,62.710323,36
2017,Poorest,29.931133,44.592918,33.274189,36
2006,Richest,32.841557,30.727339,19.283287,36
1996,Poorer,44.726833,90.422905,66.399139,36
1996,Richest,33.351891,46.741894,29.96909,36
2006,Richer,39.654152,50.936066,38.387848,36
2006,Poorer,39.514915,63.560699,43.409775,36
1996,Middle,44.527065,90.823814,61.269344,36
2017,Richest,24.153769,20.75667,15.149218,36
2001,Middle,48.49184,74.772438,57.712521,36
2017,Middle,29.681372,49.995655,26.540857,36
1996,Poorest,44.31847,88.821732,75.057877,36
2012,Middle,25.406206,32.615181,21.492567,36
2001,Poorest,44.684521,86.585632,66.812531,36
2010,Poorer,42.29792,81.086418,49.422798,38
2003,Poorest,40.24086,109.07105,56.786186,38
1999,Richer,42.020977,115.73271,75.667252,38
2010,Middle,36.573265,65.580215,41.568703,38
2021,Poorest,22.05677,28.265245,16.378487,38
2003,Richer,36.625313,98.340729,57.408638,38
2003,Richest,35.952122,66.109741,41.943111,38
1993,Poorest,54.603828,86.596497,57.803947,38
2003,Poorer,45.288605,104.63967,63.040108,38
1993,Richest,36.154968,75.94693,44.753456,38
1999,Poorest,42.488228,138.76385,65.336731,38
1999,Middle,53.556477,120.91015,62.222157,38
2021,Poorer,15.762758,25.912779,16.220167,38
1993,Poorer,58.546726,106.43502,60.9603,38
2021,Middle,22.810471,21.655186,16.756508,38
1993,Richer,44.821831,102.12551,54.8545,38
2021,Richer,20.096159,17.694906,10.23587,38
2003,Middle,35.281708,113.63647,46.604874,38
1993,Middle,59.985302,109.33309,60.815243,38
2021,Richest,16.933813,9.7103701,9.3622074,38
2010,Poorest,33.052731,86.147385,55.531528,38
1999,Richest,31.807747,74.218094,42.776421,38
2010,Richest,25.430355,42.999077,28.115303,38
1999,Poorer,46.541805,113.60001,71.993439,38
2010,Richer,31.085672,63.836441,36.101807,38
2010,Poorer,35.6852,50.704037,50.47485,39
2016,Richer,25.341326,22.124468,17.991198,39
2016,Poorest,33.797249,52.455479,32.740158,39
2010,Richest,29.554451,29.240549,21.020744,39
2010,Poorest,37.120388,55.721798,59.023167,39
2016,Richest,20.974655,15.793526,14.852028,39
2016,Middle,24.922243,29.787989,21.190432,39
2010,Middle,38.269032,57.072193,43.193523,39
2016,Poorer,18.463409,35.86869,33.964779,39
2010,Richer,41.962204,46.060143,32.76416,39
2004,Middle,38.928272,67.011688,43.975071,41
2011,Richer,31.401678,32.269024,26.801512,41
1998,Richest,32.485676,30.915506,23.363445,41
1998,Middle,39.33762,63.043518,33.266483,41
1991,Poorest,52.300423,96.61702,51.60508,41
2018,Poorest,29.849979,48.095833,32.703884,41
1998,Richer,21.662573,58.666748,36.985291,41
2004,Poorer,30.955442,70.819916,59.855011,41
2018,Poorer,35.703758,49.522972,26.164665,41
1991,Richer,30.754238,55.1703,34.376507,41
2004,Richer,26.419781,51.57782,36.815578,41
1998,Poorer,41.898743,75.255974,44.394691,41
2004,Richest,28.58518,36.423084,22.594736,41
2018,Richer,28.451731,25.814594,19.924322,41
2011,Middle,29.297272,53.772362,36.553879,41
2018,Richest,24.478359,10.769891,13.738674,41
1991,Richest,30.755775,30.388458,20.471867,41
2011,Poorest,40.081757,93.267815,50.106323,41
1998,Poorest,58.896023,90.704536,49.46603,41
1991,Middle,44.896431,63.35955,33.866188,41
2018,Middle,27.94339,36.831703,19.912949,41
1991,Poorer,51.637218,70.035698,49.403339,41
2004,Poorest,44.66185,87.990807,55.892937,41
2011,Richest,29.142801,20.970217,21.873636,41
2011,Poorer,30.328566,72.874947,40.901093,41
1994,Poorest,63.202557,60.516865,69.102829,42
1994,Middle,40.166462,58.284039,58.991917,42
1994,Richest,25.256975,44.628632,28.427778,42
1994,Poorer,49.601204,65.938072,67.108994,42
1994,Richer,43.581554,52.180428,54.029484,42
2004,Poorest,58.350075,66.852936,50.836357,43
2004,Poorer,46.183128,85.530296,76.209526,43
2004,Richer,45.311455,102.49052,76.981041,43
2014,Poorest,35.485851,75.372551,49.644733,43
1997,Middle,58.560028,104.22369,61.519859,43
2014,Middle,39.54063,57.074726,45.269672,43
2014,Richest,36.781319,56.817276,44.544769,43
1997,Richer,49.391281,88.398178,65.565094,43
1997,Richest,34.61639,82.519737,54.700993,43
1997,Poorest,32.090523,90.611046,47.739594,43
2004,Richest,36.51754,85.606468,64.47142,43
2014,Poorer,35.62701,78.319916,49.814548,43
2014,Richer,33.730213,61.409363,38.051121,43
1997,Poorer,59.841774,91.042091,76.843452,43
2004,Middle,51.405106,94.718239,65.638969,43
1996,Richest,47.538212,21.984863,17.058292,44
2012,Richer,27.879438,14.027667,6.6082973,44
1996,Poorer,64.75985,27.24823,43.736328,44
2012,Poorest,18.902561,15.257136,17.783577,44
2012,Richest,22.695463,6.0851526,11.267748,44
2012,Poorer,25.358278,10.980224,17.327257,44
1996,Poorest,39.012344,41.730057,48.123344,44
1996,Richer,32.413792,18.329668,30.157581,44
2012,Middle,33.195797,8.3076944,8.9119949,44
1996,Middle,38.895859,28.754271,44.727936,44
2011,Poorest,22.132444,37.446781,29.729021,45
2005,Poorest,34.391659,43.852764,57.058079,45
2011,Richer,26.419683,28.324827,19.164728,45
2011,Richest,19.20834,18.417341,16.808022,45
2011,Middle,23.589392,38.978947,18.080763,45
2005,Richer,41.156712,48.053204,34.882961,45
2011,Poorer,28.823448,43.394745,25.978943,45
2005,Poorer,35.117161,34.421352,60.592999,45
2005,Richest,37.360653,28.271242,18.94379,45
2005,Middle,29.332695,55.542316,45.049706,45
2007,Poorer,43.747086,71.477943,61.58754,46
2013,Poorest,26.612898,52.32901,38.151024,46
2007,Richest,26.540695,38.469276,31.613789,46
2007,Poorest,43.515251,70.344208,69.589615,46
2013,Middle,32.512402,53.177128,36.560429,46
2007,Richer,40.916195,58.911606,51.567478,46
2023,Middle,24.447325,32.68782,28.069445,46
2023,Richest,18.628508,12.460997,16.726225,46
2013,Richest,22.070238,25.988529,28.278418,46
2007,Middle,40.950974,59.652531,54.164787,46
2023,Poorer,22.060383,46.879028,31.770046,46
2013,Richer,39.006538,42.651321,34.370483,46
2023,Poorest,21.614225,44.127419,36.868088,46
2013,Poorer,29.817837,53.012012,35.782993,46
2023,Richer,17.826313,25.435781,28.3507,46
1998,Richer,57.050201,51.182777,48.761383,47
1998,Richest,32.590591,24.007813,26.502979,47
2021,Richest,25.766293,17.972902,7.6709785,47
2005,Richest,40.885086,21.257803,38.014534,47
1994,Richest,39.403446,33.271927,23.828915,47
1994,Poorest,60.045567,72.313004,57.085903,47
2012,Poorer,42.224522,41.385033,34.47298,47
2012,Richest,39.171753,27.042896,19.38937,47
1994,Poorer,49.572174,70.099182,47.678185,47
1998,Poorest,73.22966,82.35302,73.630768,47
2021,Richer,32.470436,17.419518,18.70071,47
2012,Middle,39.054977,38.940929,36.519562,47
1994,Richer,41.979553,49.466652,36.782181,47
2012,Poorest,46.156464,48.775295,42.674942,47
2005,Richer,23.739553,53.642162,33.767525,47
2005,Poorer,46.492657,44.89093,54.598049,47
2012,Richer,41.874912,37.883339,28.296558,47
2005,Middle,52.185669,32.055096,36.544464,47
2021,Poorer,28.254707,30.338079,28.677223,47
1998,Poorer,53.681309,67.043999,65.393631,47
2021,Middle,28.739397,21.320753,22.444273,47
2005,Poorest,44.255493,56.34594,48.938377,47
1998,Middle,48.009476,71.064674,49.722496,47
2021,Poorest,34.974102,32.543797,30.057796,47
1994,Middle,43.633331,58.954453,45.262726,47
2008,Richest,12.531745,2.1074548,4.3034906,49
2014,Poorer,16.320307,5.384521,11.9758,49
2005,Poorest,27.787928,15.39085,31.415636,49
2000,Richest,24.865734,4.4467182,5.8245773,49
1995,Richest,21.396168,7.34337,10.377518,49
2005,Poorer,23.352535,12.059513,19.659195,49
2014,Richer,14.830503,4.1334567,6.6702728,49
2005,Richest,18.001871,2.086534,4.9983044,49
2014,Middle,15.795033,4.0284905,9.6477146,49
2008,Richer,16.142672,2.5326495,8.4831333,49
1995,Poorer,44.47834,30.030054,44.161926,49
2008,Middle,18.825083,5.9608421,7.3706169,49
2005,Middle,22.522995,7.9898915,16.323479,49
2000,Richer,26.562685,10.085643,17.166437,49
1995,Poorest,52.328705,37.449543,57.348228,49
2008,Poorer,17.958708,5.5715165,12.575521,49
2014,Richest,11.13117,1.6618339,6.4474297,49
2000,Poorer,31.205706,17.184731,33.970856,49
2003,Richest,18.902876,4.383956,8.6801472,49
2000,Poorest,34.973293,22.247625,41.498913,49
2008,Poorest,20.884409,6.9074707,21.219381,49
1995,Middle,31.199957,20.868435,33.361877,49
1995,Richer,29.254513,11.333298,21.379955,49
2014,Poorest,23.059349,5.9527931,13.177532,49
2003,Richer,24.564722,7.3064985,12.710443,49
2000,Middle,29.038303,16.860155,25.167366,49
2005,Richer,20.947361,8.4430399,11.706127,49
2003,Poorest,28.320448,18.833891,36.87944,49
2003,Poorer,28.969137,11.634673,16.259783,49
2003,Middle,22.055838,7.5136642,20.714075,49
2006,Poorest,16.701385,33.136154,67.556511,52
2006,Poorer,34.62373,27.412781,36.431797,52
2006,Richest,29.036978,16.823214,55.208633,52
2006,Richer,18.021645,34.445213,60.932808,52
2006,Middle,15.763451,31.699945,48.903839,52
2000,Poorer,66.164024,79.909256,48.672012,53
2005,Richer,44.924713,55.046318,39.464279,53
2016,Richer,47.015583,16.299057,27.569904,53
2019,Richest,23.874737,6.9627709,14.749146,53
2005,Middle,47.385151,57.988216,38.47134,53
2000,Richer,61.483971,88.225098,56.562614,53
2016,Middle,34.774483,20.377943,24.934853,53
2011,Richer,39.454082,33.676281,26.92889,53
2019,Richer,36.442524,13.611732,12.269577,53
2011,Middle,35.064449,36.02103,25.193882,53
2005,Poorer,38.397411,58.217815,47.386715,53
2016,Poorer,33.982967,21.2808,20.620575,53
2016,Poorest,36.289482,28.090828,25.351192,53
2011,Poorer,48.227539,37.343689,35.824188,53
2000,Middle,75.796875,85.449532,65.544495,53
2005,Richest,30.249859,31.941835,29.777519,53
2011,Poorest,50.158226,46.04409,40.947388,53
2011,Richest,36.932693,25.758709,23.097874,53
2019,Middle,40.251915,14.981553,16.705345,53
2000,Poorest,40.683067,66.40033,52.064346,53
2019,Poorest,33.816849,18.920689,23.942909,53
2000,Richest,44.517376,52.026543,50.477573,53
2005,Poorest,39.096966,50.055344,40.82291,53
2016,Richest,40.043182,12.674045,13.973209,53
2019,Poorer,41.258339,10.899874,20.905136,53
2019,Richer,19.296137,8.5077562,9.5386829,54
2012,Middle,28.891211,23.19986,12.26309,54
2012,Richer,29.359379,13.646738,14.969898,54
2000,Poorest,26.127192,36.125233,30.858728,54
2012,Poorer,26.909163,19.630547,18.64192,54
2012,Richest,19.50918,9.9490099,20.77347,54
2019,Middle,17.183802,7.7497106,8.1683407,54
2019,Richest,17.501076,4.52809,3.533123,54
2000,Middle,37.474522,30.777674,29.127552,54
2019,Poorer,14.220338,8.2085419,10.710553,54
2000,Richest,21.701519,19.461897,14.21497,54
2019,Poorest,18.728586,26.052258,18.647097,54
2000,Richer,43.571281,22.718874,29.157326,54
2012,Poorest,20.87442,32.657623,21.736591,54
2000,Poorer,28.527567,39.613899,39.598541,54
2019,Poorer,31.431173,16.581085,18.758642,55
2013,Poorer,30.065325,24.922722,12.942461,55
2019,Poorest,34.426338,19.19314,15.016541,55
2013,Richest,12.400517,16.241262,5.517993,55
2013,Richer,28.097967,18.175051,13.597178,55
2019,Middle,32.875599,15.479304,13.533329,55
2019,Richest,28.528978,8.5916204,15.405695,55
2013,Middle,31.783363,24.834358,13.652477,55
2019,Richer,21.483231,11.707373,14.814178,55
2013,Poorest,28.695017,23.916737,17.809797,55
1993,Richest,33.333332,29.143309,12.467007,56
2014,Middle,26.122118,21.507521,12.966665,56
2008,Poorer,26.590324,33.758942,18.484844,56
1998,Poorest,32.587631,62.853382,38.125122,56
1998,Middle,49.599796,41.189629,31.535023,56
2014,Richest,40.459442,12.383259,10.759533,56
1998,Richer,26.463036,46.104912,27.82745,56
1993,Richer,39.483395,39.99934,24.700596,56
2022,Richer,14.614878,9.867816,11.635601,56
2014,Poorest,32.401394,37.242886,22.383709,56
2003,Middle,48.571621,37.11021,24.914799,56
2008,Richest,30.614307,13.433098,15.879185,56
1993,Poorest,47.438984,78.751282,29.974781,56
2022,Middle,20.416294,12.097106,15.425964,56
2003,Richest,42.421822,30.68079,15.275112,56
2022,Poorer,22.45957,17.120653,6.7702312,56
2022,Poorest,22.071552,20.919056,13.056137,56
2022,Richest,12.273163,4.9273248,8.252409,56
1993,Middle,48.433968,55.86026,34.364304,56
2003,Richer,38.083931,41.788853,27.933548,56
2014,Richer,30.95862,7.8136873,16.450956,56
2008,Middle,43.716766,32.015907,26.244652,56
1998,Richest,13.134701,23.966337,7.9399796,56
2003,Poorest,36.662666,66.006088,24.814396,56
2014,Poorer,25.843569,28.294544,18.533754,56
2008,Richer,30.933523,23.43457,13.600985,56
1993,Poorer,57.352043,78.297821,37.180893,56
2003,Poorer,40.41563,41.066547,23.343029,56
2008,Poorest,30.719688,43.885494,28.416405,56
1998,Poorer,33.878407,59.171478,29.401802,56
2012,Richer,40.592167,51.88982,23.013557,57
1999,Poorest,55.939987,110.83393,62.938042,57
2005,Poorest,60.130962,90.035881,66.378113,57
1999,Middle,53.942245,84.39444,59.51915,57
2012,Poorer,37.229271,66.128365,42.029007,57
2018,Middle,31.040316,51.337162,30.53861,57
2018,Poorer,38.964375,50.493717,43.406246,57
2012,Richest,31.595993,18.10041,17.028847,57
2005,Richest,38.429592,44.735176,29.601177,57
2005,Richer,46.163868,61.048183,54.270611,57
2012,Poorest,48.831131,72.812958,46.731361,57
2012,Middle,40.497879,60.488579,40.022171,57
2005,Poorer,60.905174,90.944717,61.544205,57
2018,Richer,33.921223,35.904751,20.101566,57
2018,Poorest,36.317799,55.48151,41.070522,57
2005,Middle,61.641575,88.610794,53.135555,57
1999,Poorer,57.734833,102.03836,70.133171,57
1999,Richest,38.208908,62.683075,31.986145,57
2018,Richest,22.2707,10.076134,12.060499,57
1999,Richer,48.281887,70.399887,43.113613,57
2022,Poorer,21.760761,10.843917,13.165924,59
1993,Richest,24.149925,18.615677,19.090355,59
2022,Middle,23.073685,6.2490845,11.535645,59
1998,Richest,16.041828,20.488722,24.200302,59
2022,Richer,24.638494,8.7611017,12.536272,59
2008,Middle,40.523464,24.516773,26.884212,59
2014,Middle,21.345245,15.469946,17.273289,59
1998,Poorest,31.740168,40.365707,63.995911,59
2008,Richer,21.25659,11.972022,17.870897,59
1993,Poorest,36.377846,39.303524,53.584557,59
2014,Poorest,20.09116,17.061148,19.548874,59
2008,Richest,28.905741,11.82507,27.723528,59
2022,Richest,20.91453,4.4467297,11.917559,59
2022,Poorest,24.252253,10.872733,11.427027,59
1998,Middle,24.536837,33.817108,33.945328,59
2014,Poorer,22.638346,21.719357,18.865347,59
2014,Richer,26.007177,12.173142,19.705359,59
2008,Poorest,39.302402,31.942131,26.271191,59
1993,Richer,21.414261,22.406607,17.653091,59
1998,Richer,29.819298,23.875734,31.171974,59
1998,Poorer,29.65276,47.493294,53.219265,59
1993,Poorer,32.5368,40.863514,46.763592,59
2014,Richest,25.615553,8.2494946,12.73842,59
2008,Poorer,33.109436,37.742188,31.010712,59
1993,Middle,18.125595,28.555481,34.514038,59
2009,Richer,51.960651,24.499399,38.744991,60
2023,Poorer,19.602612,6.0824943,20.113075,60
2023,Poorest,32.342937,17.719547,14.345806,60
2023,Richest,29.383358,12.025862,12.893421,60
2004,Middle,64.110924,12.433265,28.974976,60
2014,Middle,29.56085,31.435036,44.011093,60
2014,Richer,41.58733,26.724716,51.392757,60
2009,Middle,35.452007,20.382048,40.372517,60
2004,Richest,24.763487,12.180311,44.794037,60
2023,Middle,36.429539,12.149849,15.114166,60
2009,Poorer,46.001385,31.719482,47.065289,60
2009,Richest,27.822489,14.884752,37.406776,60
2004,Poorer,40.47868,16.267006,49.51997,60
2023,Richer,18.317247,19.331497,25.032881,60
2004,Poorest,51.274765,26.599602,35.242653,60
2014,Poorest,32.556438,14.270214,30.061218,60
2009,Poorest,43.935291,19.106855,43.571232,60
2014,Poorer,40.077309,24.037615,22.782215,60
2004,Richer,46.455143,25.80307,29.733425,60
2014,Richest,21.99839,19.446232,28.913456,60
2013,Poorer,25.61381,46.77404,39.478287,61
2013,Poorest,38.002728,50.460125,41.361027,61
2007,Poorer,39.796761,49.647232,65.207817,61
2007,Richest,31.552637,46.699787,38.793076,61
2007,Middle,40.637806,49.956093,40.801647,61
2019,Richest,31.242275,8.361062,21.179558,61
2013,Middle,32.128242,37.992695,34.518845,61
2007,Poorest,28.808731,38.750702,70.797821,61
2009,Richest,61.543053,42.028332,33.842697,61
2019,Poorest,34.030071,35.124741,33.126301,61
2019,Poorer,38.865986,35.821747,27.950344,61
2009,Poorer,46.144344,49.347679,57.322048,61
2009,Middle,32.962036,59.815853,62.061104,61
2019,Richer,43.011421,40.239017,26.451538,61
2019,Middle,37.337673,33.539288,35.254108,61
2009,Richer,38.178722,77.858719,42.984753,61
2009,Poorest,51.99749,54.305004,69.206657,61
2013,Richer,40.683285,41.310062,29.843349,61
2013,Richest,32.429604,37.214603,29.726925,61
2007,Richer,31.677917,60.122452,63.725502,61
2004,Poorest,43.077507,55.018005,43.639854,63
2004,Richer,32.477486,35.024811,22.161118,63
2021,Richest,24.023594,9.7779312,10.935253,63
1997,Poorest,39.734287,75.889267,79.313568,63
2021,Poorer,25.014601,30.89369,24.706251,63
1997,Richer,34.504242,53.391312,41.651642,63
1997,Poorer,47.113449,67.702232,71.20295,63
2008,Richest,20.96843,11.236482,15.691288,63
2004,Middle,32.156479,34.969837,33.340233,63
2021,Richer,24.141582,18.567646,17.941513,63
2021,Poorest,23.002159,33.975365,23.583157,63
2008,Poorest,25.973442,44.95615,34.93005,63
1997,Richest,35.592655,43.891796,21.882671,63
2004,Richest,19.020485,16.548845,13.861343,63
2008,Poorer,22.253578,33.012451,37.368713,63
2008,Middle,25.803946,24.295889,33.568619,63
2004,Poorer,35.633957,56.66246,55.00473,63
1997,Middle,43.871292,71.788589,59.225052,63
2021,Middle,24.149075,22.514027,20.992847,63
2008,Richer,24.996044,21.22649,17.663246,63
2015,Richer,23.846127,25.382086,18.817257,64
1992,Poorer,54.807354,114.40173,78.864227,64
2015,Richest,25.333858,16.615675,18.154438,64
2010,Richer,33.30957,52.131767,40.176697,64
2004,Middle,39.696236,73.877174,54.791794,64
2004,Poorer,41.469421,71.077484,58.078148,64
1992,Richer,46.835621,116.94464,92.24588,64
2000,Richest,33.050892,62.596588,53.210438,64
2015,Poorer,28.686953,30.802603,21.355032,64
1992,Middle,56.352123,103.73655,97.56839,64
1992,Richest,42.313076,66.24173,63.720127,64
2010,Poorer,37.011837,61.497391,41.733845,64
2024,Richer,25.826227,12.888885,8.9266071,64
2004,Richest,28.692617,45.489944,36.984444,64
2010,Middle,32.113697,55.455391,41.212948,64
2024,Poorer,21.598301,16.346495,10.819046,64
2010,Poorest,30.816193,63.446968,38.233109,64
2000,Poorer,49.754036,96.01519,61.000595,64
2015,Poorest,27.481831,36.490543,19.163857,64
2010,Richest,33.213421,33.885441,37.955128,64
2024,Richest,24.945595,10.298577,6.6804848,64
2000,Richer,45.634666,85.650505,63.646545,64
1992,Poorest,44.693459,111.73461,96.342903,64
2004,Poorest,36.172623,74.263725,72.51326,64
2024,Poorest,22.414221,18.390135,12.649157,64
2000,Middle,41.65839,100.79015,75.415512,64
2000,Poorest,54.548084,99.203293,76.855072,64
2015,Middle,26.447348,29.784937,21.234892,64
2004,Richer,35.799736,56.706692,53.57515,64
2024,Middle,24.341654,14.56317,15.228422,64
1996,Richest,46.637089,75.848007,46.508846,65
2006,Richer,60.358608,113.41201,53.315563,65
2001,Poorest,71.965065,110.38698,65.222084,65
1996,Poorest,74.286919,146.20789,77.103966,65
2012,Poorest,39.073601,47.291893,25.601974,65
1996,Richer,68.182915,111.97233,60.760307,65
2012,Poorer,34.98283,50.471237,32.10619,65
2018,Poorer,37.929611,66.556763,32.632561,65
2012,Richer,28.656052,38.742214,23.623501,65
2012,Middle,47.089283,48.071609,34.661678,65
2006,Richest,40.03297,43.182072,40.307041,65
2001,Richer,67.79467,115.41154,61.079094,65
2012,Richest,30.424902,14.31388,16.182562,65
2006,Poorest,62.844765,109.22791,61.087166,65
2001,Richest,53.751308,58.157726,36.049519,65
1996,Poorer,71.466545,136.46584,75.443901,65
2023,Middle,29.418962,38.692154,26.193701,65
1996,Middle,77.434647,112.72369,61.457703,65
2018,Middle,38.901356,59.313461,26.084255,65
2018,Poorest,41.752281,65.123131,35.718246,65
2001,Poorer,66.959442,138.69147,58.246071,65
2006,Poorer,60.243721,119.81449,60.252403,65
2006,Middle,56.541206,111.63861,57.72213,65
2018,Richest,23.863966,20.466511,12.946821,65
2018,Richer,25.7971,39.935268,18.024483,65
2023,Richer,34.182117,20.65847,19.88549,65
2023,Poorest,43.989601,66.299362,23.706642,65
2023,Poorer,31.504572,56.07436,28.084009,65
2001,Middle,76.623085,121.34458,63.885277,65
2023,Richest,24.735929,13.364719,13.913786,65
2020,Poorest,27.367308,10.935877,12.352999,66
2020,Richer,18.226675,4.9883938,8.4698963,66
2020,Poorer,25.16256,13.779803,13.306286,66
2020,Middle,24.180092,8.5026007,13.414165,66
2020,Richest,12.121714,4.7464724,7.0114174,66
2003,Poorest,38.416023,15.453938,23.735695,69
1992,Richest,18.205046,4.1770148,16.848692,69
2003,Poorer,30.92061,12.346399,22.189035,69
1992,Richer,37.058151,12.807993,21.48185,69
1992,Poorer,36.371239,29.244354,31.304642,69
2003,Richest,19.23773,2.0413136,4.801609,69
1992,Middle,35.430389,17.038651,26.920212,69
2003,Middle,25.149094,9.8641348,11.677265,69
2003,Richer,22.522276,3.9438381,10.844076,69
1992,Poorest,37.948132,31.862486,41.706669,69
2003,Poorer,55.041748,52.601765,92.014938,70
1997,Poorer,48.493214,77.413239,87.68866,70
2011,Poorest,33.130524,46.440331,49.788933,70
1997,Richest,45.904442,49.918346,48.797684,70
2011,Middle,31.020008,44.587105,38.013187,70
2003,Richer,38.145653,48.510036,67.9105,70
2022,Poorer,19.459082,17.373528,18.059816,70
1997,Poorest,65.496811,89.785553,122.12119,70
2022,Poorest,17.912251,29.47307,16.471897,70
1997,Middle,59.435215,71.522346,84.803558,70
2003,Poorest,58.565208,53.676476,83.911705,70
2011,Richer,30.836639,33.927746,29.80632,70
2011,Richest,32.650085,26.440168,31.583672,70
2011,Poorer,32.310982,30.978342,42.123512,70
2022,Richer,28.537519,19.719213,14.228086,70
2022,Richest,19.651545,15.788236,14.875322,70
2003,Middle,47.572422,75.056946,80.63559,70
1997,Richer,53.105774,52.757473,81.049713,70
2003,Richest,29.259621,36.905548,41.871712,70
2022,Middle,24.061432,20.964455,22.291607,70
2006,Richest,15.56464,5.9780631,7.934412,71
1992,Richer,37.094967,26.246138,35.099682,71
2000,Richer,15.052715,25.824705,19.599609,71
2000,Poorest,22.803663,19.478947,20.270712,71
1992,Poorest,34.232262,46.630875,29.4147,71
1992,Poorer,41.745846,28.569124,21.179611,71
2006,Poorest,28.937212,31.932869,31.224249,71
2000,Middle,25.018717,17.270771,19.97576,71
2006,Middle,23.638603,23.553564,21.326469,71
2000,Richest,12.14277,6.6513295,10.418721,71
1992,Middle,34.489147,32.972168,13.904709,71
1992,Richest,28.182568,18.111198,29.1534,71
2006,Richer,28.893276,16.884718,26.112782,71
2013,Richer,18.761326,18.308235,18.696674,71
2000,Poorer,37.612732,32.839672,15.818638,71
2013,Richest,11.436208,8.2377253,10.986255,71
2013,Middle,18.796055,24.369104,22.507835,71
2013,Poorer,19.080679,22.588938,26.033064,71
2006,Poorer,28.487358,19.419914,25.052879,71
2013,Poorest,23.061674,16.105881,27.599775,71
1998,Richest,30.210747,97.771271,55.587532,72
2012,Poorer,31.904423,97.528778,38.212231,72
1998,Poorer,59.365673,202.27022,92.919296,72
2012,Richer,31.505474,95.115494,37.478374,72
2006,Poorer,49.14447,128.81042,54.251793,72
2012,Richest,27.529709,61.256195,24.894222,72
2006,Middle,50.321732,134.38832,55.094772,72
1998,Poorest,52.188995,150.57689,78.811264,72
2006,Richest,29.384399,90.068192,37.144798,72
1998,Middle,54.041924,190.71062,103.0789,72
2006,Richer,39.877792,144.5062,60.467957,72
2012,Poorest,34.823662,80.092133,28.923584,72
2012,Middle,31.07089,100.80424,35.626144,72
1998,Richer,51.088894,172.68211,90.819534,72
2006,Poorest,42.982403,115.37081,47.532948,72
2024,Poorest,41.294533,68.031013,30.278893,73
2003,Richest,22.538385,27.214071,29.51441,73
2003,Middle,55.8922,104.97553,54.003109,73
2010,Poorest,54.736443,97.378822,40.856041,73
2008,Poorer,51.385345,108.02943,51.937248,73
2008,Poorest,50.352127,118.55577,49.41745,73
2013,Richer,36.609306,35.839207,27.956657,73
2018,Richer,31.92362,32.829456,21.374155,73
2018,Richest,27.691547,13.755241,11.924091,73
2010,Richest,27.436983,26.800606,23.430849,73
2013,Richest,30.103405,24.63035,17.930126,73
2008,Richest,38.584309,29.243847,19.593861,73
2024,Richest,28.862257,10.328305,9.8739452,73
2013,Middle,39.371464,56.618202,31.320042,73
2010,Middle,63.454849,64.534515,50.08889,73
2003,Richer,47.548206,91.85614,39.228382,73
2003,Poorest,59.295799,123.81859,73.643227,73
2010,Richer,33.122551,47.646969,29.011589,73
2024,Poorer,42.418804,64.570663,28.634563,73
2024,Richer,36.257092,19.75333,13.752434,73
2008,Richer,39.498993,55.965614,33.862595,73
2018,Poorest,38.845383,94.56414,39.217812,73
2024,Middle,36.88958,38.81139,17.423706,73
2003,Poorer,69.624947,153.16301,69.978539,73
2018,Poorer,40.972122,91.572441,35.93148,73
2013,Poorest,44.962864,97.634537,47.064053,73
2008,Middle,45.328903,79.248474,40.440765,73
2010,Poorer,49.157936,88.094727,51.047997,73
2013,Poorer,45.436684,93.344749,48.533028,73
2018,Middle,41.481087,59.772026,27.191734,73
2019,Richest,13.306109,8.8392658,7.8396864,74
2008,Poorer,32.305244,66.867233,49.278191,74
1992,Poorest,42.656452,65.350037,36.320217,74
2010,Richer,31.273388,38.041794,34.57024,74
1992,Poorer,54.771652,91.848709,55.706886,74
2010,Poorest,32.880726,49.099819,36.64642,74
2000,Richest,37.466354,66.092514,50.427994,74
1992,Richest,38.87302,63.522709,34.033894,74
2005,Poorer,49.183964,83.844299,61.620029,74
2005,Middle,36.668716,79.686089,53.156784,74
2015,Richest,13.212089,14.966452,11.820008,74
1992,Middle,45.624992,55.945049,42.354324,74
2010,Richest,24.359762,25.174623,25.595182,74
2015,Richer,24.457449,18.967026,14.584204,74
2005,Richest,32.745541,48.314396,40.657558,74
2019,Middle,20.396662,12.330781,10.344517,74
2008,Richest,20.406027,39.035736,24.34297,74
2015,Poorer,26.106554,32.852371,18.235163,74
2010,Middle,25.260084,43.530788,35.327736,74
2010,Poorer,32.314907,45.720604,25.051003,74
2019,Richer,19.093033,10.937069,9.7532501,74
2015,Middle,22.244471,21.454762,24.486708,74
2000,Middle,52.289761,77.329292,67.000076,74
1992,Richer,53.847004,87.051445,48.747173,74
2000,Richer,51.744995,98.174065,72.556595,74
2000,Poorest,56.251362,100.63528,70.680832,74
2008,Middle,34.006699,57.795025,39.753174,74
2008,Poorest,39.594028,61.760197,59.193172,74
2005,Richer,48.463524,83.461937,72.106636,74
2019,Poorer,25.016575,12.667127,18.973225,74
2008,Richer,31.701649,55.143536,53.648434,74
2000,Poorer,47.833477,88.924843,71.608444,74
2019,Poorest,24.987703,26.990511,19.958952,74
2015,Poorest,23.48925,34.43877,26.458878,74
2005,Poorest,51.180275,97.156792,62.688095,74
2008,Richest,15.477931,1.1577985,10.943915,77
2008,Poorest,19.5254,37.414959,33.122208,77
2008,Poorer,27.842367,23.63044,20.976606,77
2008,Middle,18.327068,33.849277,24.166351,77
2008,Richer,21.707682,25.621748,35.394409,77
2012,Poorer,25.287159,28.481739,25.000492,78
2005,Poorest,50.3302,93.676071,38.879501,78
2017,Richest,21.446917,2.6916003,5.8162823,78
2008,Poorer,43.045753,45.350231,29.362747,78
2005,Richer,31.120184,39.151474,21.602934,78
2015,Richest,18.330587,10.030972,8.834528,78
2010,Richest,30.613905,13.531592,10.12953,78
2018,Poorest,28.965134,29.0592,18.182133,78
1997,Richest,28.421623,24.616953,16.483768,78
2010,Poorest,39.600895,54.568153,25.133121,78
2005,Poorer,46.765575,79.402786,37.993282,78
1997,Poorer,42.881008,98.209229,38.745152,78
2015,Poorest,30.851755,37.38456,18.429193,78
2016,Middle,21.675953,16.210291,14.671974,78
2008,Richest,28.237804,12.717372,15.03043,78
2012,Richest,25.463379,7.2959681,9.5505219,78
2017,Middle,28.696398,20.117594,18.089254,78
2019,Richest,20.056971,1.7042669,5.3865452,78
2017,Poorest,26.801817,29.353745,19.535414,78
2014,Poorer,21.512186,24.353027,19.866793,78
2019,Poorer,29.428101,12.596995,11.254784,78
1997,Poorest,52.54974,96.380775,31.976131,78
2019,Richer,17.046364,7.0343146,12.999794,78
2019,Poorest,27.347607,22.53047,22.254284,78
2012,Richer,32.652809,15.480256,15.105545,78
2018,Richest,14.908246,8.3710136,12.194743,78
2016,Poorest,30.74309,38.07835,22.231993,78
2005,Richest,26.998201,23.521452,13.84664,78
2014,Richer,18.938433,12.736685,12.556797,78
2008,Middle,36.818241,34.779072,22.331123,78
2010,Poorer,33.899952,41.810459,18.752396,78
2019,Middle,23.18359,11.263135,7.2798958,78
2008,Poorest,45.71199,65.431015,31.28035,78
2016,Richest,15.202839,5.5490847,6.1034698,78
2023,Middle,24.572979,9.9573841,7.5335426,78
2023,Richest,20.019358,5.5221472,5.3059425,78
2014,Richest,11.234306,5.6535339,11.417521,78
2017,Poorer,32.301659,17.689877,15.268242,78
2008,Richer,30.314707,17.593067,13.572184,78
2014,Poorest,24.85014,39.761688,27.476341,78
2023,Richer,14.157243,5.6349425,6.6454096,78
2018,Poorer,23.134182,22.260941,19.39394,78
2012,Middle,38.974182,27.100697,17.755539,78
2018,Richer,22.21324,6.8561578,16.750853,78
1997,Middle,33.261906,75.513908,36.369442,78
1997,Richer,28.844505,44.151096,29.910965,78
2015,Richer,22.293837,20.944807,9.857626,78
2016,Richer,25.447899,8.1085863,12.705364,78
2015,Poorer,29.112543,28.562813,19.504961,78
2018,Middle,33.950394,13.856157,9.4224854,78
2023,Poorer,28.545906,10.412702,10.964672,78
2014,Middle,24.647718,26.114481,16.006468,78
2012,Poorest,30.190218,37.895191,21.481699,78
2023,Poorest,29.006218,14.362018,10.791092,78
2005,Middle,41.140038,63.56472,31.397285,78
2010,Richer,28.586193,19.956446,20.783867,78
2016,Poorer,22.847914,20.638262,18.499285,78
2015,Middle,23.358978,15.433166,26.126019,78
2010,Middle,26.461239,29.946989,24.873943,78
2017,Richer,26.877542,10.087983,11.906969,78
2008,Poorest,67.74205,63.348034,80.158798,80
2008,Richest,40.940884,51.437901,51.96352,80
2008,Poorer,45.186932,52.474331,55.863125,80
2013,Richer,38.344887,65.462929,64.15773,80
2019,Richer,29.089029,51.998734,44.252975,80
2008,Middle,41.122566,53.003342,64.254097,80
2019,Middle,26.323515,45.873814,50.991508,80
2013,Middle,42.037739,72.096863,74.843155,80
2013,Poorest,42.176517,69.880486,73.395935,80
2019,Poorest,29.72426,53.989662,60.995338,80
2013,Poorer,39.871586,66.805084,70.069458,80
2008,Richer,44.544544,62.212452,54.630405,80
2013,Richest,52.110954,43.407585,47.966072,80
2019,Poorer,30.585562,47.645542,47.595116,80
2019,Richest,33.161114,28.778019,27.094326,80
2016,Poorest,25.294741,12.919621,28.934183,82
2016,Middle,20.922693,5.2865214,25.169184,82
1998,Middle,15.172605,12.794204,20.657925,82
1998,Poorer,22.88225,19.332743,28.729605,82
1998,Poorest,23.727612,25.797678,37.864532,82
2016,Richest,29.383818,1.5226661,10.396544,82
2016,Poorer,31.067568,8.4859991,12.740805,82
1998,Richest,13.95935,4.9454522,3.0009184,82
2016,Richer,17.158115,7.5402517,9.5828648,82
1998,Richer,17.373573,5.7921181,16.611847,82
2022,Poorer,20.482552,14.697721,14.519245,85
1996,Richest,28.239523,32.688732,36.562721,85
2004,Richest,31.122787,29.043785,33.108543,85
1999,Poorer,38.486473,51.821857,68.92778,85
1996,Poorest,26.746548,52.691429,60.539867,85
2015,Poorer,30.110258,31.847744,24.381765,85
2007,Poorer,32.41552,40.322376,36.853577,85
2015,Poorest,20.221029,32.848736,24.542467,85
2007,Richer,32.041195,34.64426,35.850613,85
2010,Middle,30.84269,32.090816,28.074471,85
2022,Richer,28.211288,11.461253,9.8467407,85
1996,Middle,38.108116,52.29002,57.490021,85
2007,Poorest,30.585941,47.261654,51.086483,85
2022,Middle,23.996155,12.548782,9.4508743,85
2010,Richest,38.753204,21.692385,23.775047,85
2004,Poorest,33.181416,49.212276,54.79179,85
2010,Poorest,20.853081,42.518524,39.964527,85
2004,Poorer,39.002163,58.80088,58.061131,85
2015,Middle,25.662802,24.988825,22.507574,85
1996,Poorer,44.24485,61.766491,73.738754,85
1999,Richer,39.232407,48.192169,67.505112,85
1999,Middle,49.228874,77.202637,66.045837,85
2004,Middle,32.310802,58.954395,55.462696,85
2010,Poorer,25.969227,33.291763,33.147907,85
2010,Richer,25.811005,27.514864,34.526615,85
2022,Richest,30.494183,7.7521348,13.352245,85
2022,Poorest,13.422073,15.268088,10.207588,85
2004,Richer,32.605598,47.593777,37.144501,85
2015,Richer,35.544544,24.715307,18.191921,85
2015,Richest,37.31279,14.106152,21.32077,85
2007,Richest,41.246666,27.955025,31.976334,85
1999,Richest,55.488995,43.293045,36.350674,85
2007,Middle,25.773527,44.173225,40.822136,85
1999,Poorest,44.514538,45.193474,70.301819,85
1996,Richer,44.760513,50.683933,57.260643,85
1998,Richest,40.737133,31.205864,25.094471,86
2013,Richer,32.923542,23.599009,21.598869,86
1998,Poorest,38.599033,83.567642,45.436832,86
1998,Middle,48.835705,63.547661,41.157902,86
2013,Poorer,28.782902,53.70813,26.31496,86
1998,Poorer,43.316196,76.129227,38.320347,86
2013,Richest,19.527641,14.641068,12.077131,86
1998,Richer,39.659393,48.271313,34.219032,86
2013,Middle,31.680376,41.121483,24.118567,86
2013,Poorest,31.230022,59.003616,30.200569,86
2016,Richest,25.743999,13.433557,13.455952,88
2011,Middle,30.315569,35.920712,33.86512,88
2006,Richer,29.060802,60.283882,47.032841,88
1995,Poorer,26.149744,71.318283,53.329269,88
2006,Middle,32.867733,64.395088,52.135609,88
2016,Poorest,27.805826,32.051769,28.512136,88
2016,Richer,32.256725,20.999035,16.110764,88
2006,Richest,30.303537,47.611656,31.980059,88
2011,Richer,32.570709,41.015553,30.119751,88
1995,Middle,30.795473,72.724533,59.565674,88
2016,Poorer,26.12776,28.925941,23.466494,88
1995,Richer,31.502136,70.340256,52.986732,88
2000,Richest,26.205704,46.193615,33.999577,88
2009,Richer,31.059078,16.768002,34.389164,88
2011,Poorer,30.928984,55.48843,38.084358,88
2009,Poorer,28.034937,41.826488,38.664192,88
2006,Poorer,31.638157,59.874439,57.299183,88
1995,Richest,26.818108,50.182659,36.320641,88
2011,Poorest,25.776409,47.637817,49.762653,88
2000,Poorest,40.077187,86.047516,65.562752,88
2006,Poorest,31.802275,66.414772,66.547081,88
2009,Middle,42.133598,37.201828,28.114693,88
2000,Poorer,32.670101,74.706642,65.521881,88
2000,Richer,34.635029,55.133495,46.359928,88
2009,Poorest,28.900633,45.81797,41.605644,88
2011,Richest,33.980991,23.868439,13.879425,88
1995,Poorest,42.518368,83.023041,66.460907,88
2000,Middle,38.276909,68.935417,56.226013,88
2016,Middle,25.45862,28.947292,18.467253,88
2009,Richest,28.109299,24.12571,29.234127,88
2013,Poorer,25.952429,34.95541,23.661383,90
1996,Richest,25.87468,65.764702,43.880318,90
2018,Poorer,19.524607,28.308809,19.037539,90
2002,Poorest,43.012062,76.393204,72.160118,90
2018,Middle,21.693567,17.215698,13.718954,90
2007,Middle,42.061752,65.881111,47.438568,90
2018,Richer,33.042088,23.972746,19.209248,90
2007,Richer,37.010513,61.253334,41.866333,90
2024,Richer,24.891541,9.9473896,14.410358,90
2024,Middle,18.412418,11.988781,10.043158,90
2007,Richest,27.834013,35.88689,46.429436,90
2024,Poorest,12.450285,13.228703,12.261169,90
2024,Richest,20.969795,11.137644,8.4632339,90
1996,Middle,36.338135,85.830688,68.731056,90
1996,Poorer,41.250492,94.246719,90.174194,90
2002,Richer,28.837292,82.296738,51.913044,90
2013,Middle,22.272038,32.487331,24.154232,90
2018,Poorest,25.831923,22.239964,18.470831,90
2007,Poorest,30.233191,54.435066,39.053169,90
2013,Richer,23.048557,25.00375,24.922642,90
2002,Poorer,29.756067,89.2286,63.351181,90
2013,Richest,21.665663,18.948936,17.23992,90
1996,Richer,36.043972,86.795219,68.003113,90
2002,Richest,26.432571,35.721424,30.270897,90
2024,Poorer,19.025375,15.202935,12.624174,90
2018,Richest,25.598175,15.901163,15.900867,90
2002,Middle,35.818241,82.146667,77.969482,90
2013,Poorest,30.795744,44.597561,24.115145,90
2007,Poorer,42.263039,54.089558,51.342583,90
1996,Poorest,39.697216,88.588234,83.841629,90
2010,Richest,22.902187,10.189751,24.83746,91
2005,Middle,23.530087,27.705942,24.534782,91
1994,Middle,25.581188,15.044866,21.795242,91
2010,Poorer,31.144354,26.413879,29.986189,91
1999,Poorest,19.379063,40.271328,39.64397,91
1994,Poorest,23.854881,32.52776,28.103622,91
2015,Poorer,34.854805,25.491966,29.845123,91
1994,Richest,20.490358,14.753078,21.078234,91
2005,Poorest,17.21088,24.122505,30.51046,91
1999,Middle,34.005531,35.059929,33.058838,91
1999,Richer,33.415257,27.821955,29.710754,91
2015,Richest,22.46884,8.8514462,20.773378,91
1999,Richest,17.14694,17.846497,27.15016,91
1999,Poorer,26.615253,29.340933,37.2127,91
2010,Poorest,30.325268,30.282175,24.548683,91
2005,Richest,16.354362,11.889342,28.414204,91
2015,Middle,33.290051,24.2243,38.429089,91
1994,Poorer,23.223911,35.313152,26.227757,91
1994,Richer,31.261383,23.623697,32.978775,91
2005,Poorer,24.857056,13.715223,34.056835,91
2015,Poorest,32.13348,34.2911,35.493084,91
2005,Richer,24.497515,21.660826,21.933935,91
2010,Richer,24.445311,21.544712,24.81679,91
2015,Richer,27.986061,21.681995,17.867649,91
2010,Middle,30.435858,23.586452,26.983843,91
2015,Poorest,32.108364,18.727016,29.669308,92
2015,Richest,17.256485,5.4167142,17.258152,92
2015,Poorer,25.554405,13.12741,25.658974,92
2015,Richer,20.099243,9.1424656,21.298389,92
2015,Middle,28.271193,14.668538,28.433989,92
2016,Middle,6.5417681,2.3839757,1.5381899,93
2005,Richer,19.186028,2.2114394,11.548248,93
2016,Richer,7.0175982,1.9216516,0,93
2010,Richest,7.1249595,.97620267,13.350378,93
2005,Poorest,24.239756,10.107416,17.241812,93
2010,Middle,7.4276938,2.7867042e-08,9.706768,93
2010,Poorest,9.2882538,4.7568355,11.32691,93
2010,Richer,9.6575918,1.6910455,2.1856394,93
2000,Poorer,27.48266,3.4847353,22.506094,93
2016,Richest,2.1600232,1.8853210e-06,2.3577976,93
2000,Poorest,28.14963,8.624404,24.162893,93
2005,Middle,16.854864,.63776809,6.0420628,93
2005,Richest,13.605705,9.3514204,0,93
2016,Poorer,7.7031693,5.3992915,1.8704925,93
2005,Poorer,17.51759,4.4327364,8.3715267,93
2010,Poorer,13.768767,7.1827569,7.5541372,93
2016,Poorest,4.0140691,2.0048788,8.6181049,93
2000,Middle,28.858746,3.298759,7.9477768,93
2000,Richest,15.740966,2.2901607,11.530265,93
2000,Richer,29.772379,0,19.861902,93
2006,Middle,29.652424,8.7071285,21.898205,94
2006,Poorest,19.300289,10.853636,32.756527,94
2006,Richer,32.177975,8.7818623,7.7090569,94
2006,Richest,29.173336,3.6340716,7.8265648,94
2006,Poorer,34.920792,11.461509,25.284767,94
2022,Middle,26.641319,6.5715647,4.5610943,96
2000,Richest,35.090797,14.540198,22.791637,96
1994,Richer,66.95771,39.678188,25.412964,96
2017,Richer,31.210251,4.8234353,8.1538353,96
1994,Middle,55.534576,42.616447,37.803047,96
1994,Richest,41.652714,26.791578,28.792271,96
1994,Poorer,76.242241,56.06665,41.5886,96
2007,Middle,39.628239,20.396084,23.329834,96
2011,Richest,23.268364,8.355979,6.2943249,96
1997,Richer,50.279701,33.543774,38.414803,96
2017,Middle,35.098213,7.8776488,6.2766838,96
2014,Poorer,31.735628,10.308691,18.033148,96
2014,Middle,34.073807,13.02775,8.9397621,96
2022,Poorer,29.778076,6.2617874,7.021801,96
2011,Poorest,38.53471,16.442366,23.513039,96
2014,Richer,30.343243,8.1820774,12.539318,96
2007,Richer,32.419579,15.564253,13.539986,96
2007,Richest,26.845978,7.460422,8.9662857,96
2017,Richest,25.33955,4.8716512,6.941494,96
1997,Poorer,60.355156,48.112423,38.35981,96
1997,Richest,30.403797,19.450575,26.158222,96
2004,Richer,38.776501,21.770399,20.30817,96
2022,Richest,18.588917,3.8505504,5.4751759,96
2007,Poorer,44.012135,17.327095,23.383717,96
2004,Middle,49.721649,21.733753,25.387001,96
1994,Poorest,69.076897,70.417175,46.105988,96
2014,Richest,19.512501,8.295433,9.1029644,96
2022,Richer,17.468472,2.7442865,6.7952862,96
2022,Poorest,35.701893,9.1676102,9.1256981,96
2000,Middle,53.616947,27.415791,24.320591,96
2011,Middle,36.30191,11.077682,10.275036,96
2011,Poorer,42.495392,17.957003,17.436794,96
2004,Poorest,54.712208,31.36117,35.010815,96
2017,Poorest,34.814114,12.731302,11.226986,96
2007,Poorest,48.322868,20.294729,17.698868,96
2000,Poorest,54.298866,46.791794,38.510986,96
2014,Poorest,41.640011,10.211936,10.399288,96
2011,Richer,38.233818,12.894014,7.1034889,96
1997,Middle,66.938423,38.193024,30.010712,96
2000,Richer,40.33279,22.286182,22.694286,96
2004,Poorer,42.533894,31.864365,23.384365,96
1997,Poorest,57.641342,44.761124,38.650719,96
2000,Poorer,61.057014,33.155079,32.370613,96
2017,Poorer,32.420132,8.0680304,10.647102,96
2004,Richest,41.517738,6.7136455,23.261826,96
2000,Richest,26.433292,13.287511,23.898804,99
2021,Poorer,7.9558344,3.3497841,6.1302204,99
2021,Richer,9.7466927,4.7661991,3.881587,99
2000,Middle,38.58638,27.140579,49.575172,99
2014,Richest,11.749513,3.1207166,3.8422556,99
2010,Middle,34.507816,6.7072206,27.179775,99
2000,Richer,42.524326,24.682426,46.113621,99
2021,Richest,4.8468628,1.4232485,1.1351089,99
2005,Poorer,44.986515,20.113497,63.609715,99
2010,Poorer,33.914719,12.178085,36.719994,99
2000,Poorer,42.024323,28.262661,66.166405,99
2014,Poorest,26.80378,14.158637,35.446045,99
2014,Richer,17.653032,5.9762173,9.1700325,99
2010,Poorest,39.085884,13.643209,37.57782,99
2021,Poorest,12.188181,5.2334666,10.219357,99
2014,Middle,24.132179,7.9773917,9.3606529,99
2021,Middle,11.518023,5.817348,7.5476484,99
2014,Poorer,22.637756,12.023553,21.581673,99
2000,Poorest,41.466133,45.022957,68.197052,99
2005,Poorest,34.334366,26.445374,66.30397,99
2005,Richest,21.970045,8.6719761,12.360723,99
2010,Richer,26.338827,9.3931665,12.797911,99
2005,Middle,37.614418,16.289988,60.18557,99
2005,Richer,38.426338,14.204598,39.371208,99
2010,Richest,16.12151,7.4163203,6.4694214,99
1993,Richer,39.315857,21.279245,26.411125,104
2020,Richer,19.498743,4.307507,7.7334347,104
2006,Richer,36.119156,9.7031012,15.157177,104
2015,Middle,28.752739,7.2577209,11.276405,104
2006,Poorest,56.081863,35.317867,26.179214,104
2015,Richer,22.210089,5.4392419,8.7028255,104
2006,Poorer,48.405155,24.748531,24.830708,104
2015,Richest,15.421645,3.3411922,5.738368,104
2020,Poorer,30.568888,7.3020425,10.92602,104
2020,Middle,24.453274,5.2319069,10.006084,104
1999,Middle,50.674397,25.006559,25.601513,104
1999,Poorest,60.378029,44.836422,36.077881,104
1993,Poorest,65.127403,45.538956,44.001747,104
1993,Richest,27.648867,10.27937,16.347261,104
1993,Poorer,66.002686,46.625587,40.201576,104
2015,Poorer,35.329437,11.172073,13.195259,104
1993,Middle,55.050747,29.872074,34.600605,104
1999,Poorer,52.020435,37.052933,28.704128,104
1999,Richest,26.696508,7.4267125,11.392916,104
2020,Richest,13.548765,3.0060923,5.1597385,104
1999,Richer,38.456429,14.572682,16.828835,104
2006,Richest,25.509636,5.0641079,8.8710518,104
2015,Poorest,41.593529,17.336599,16.279568,104
2020,Poorest,33.755154,10.707485,13.934021,104
2006,Middle,44.849689,15.480451,21.062305,104
2012,Richer,15.261147,6.6754255,12.420961,105
1997,Richest,17.206137,5.8347964,6.1296062,105
2003,Richer,20.145237,8.6125851,16.297638,105
2007,Poorer,25.21744,11.749268,22.126734,105
2017,Richer,17.61047,7.2297111,6.4333134,105
2003,Richest,13.231326,4.7973647,3.8277636,105
1997,Poorest,35.736282,30.888216,42.334785,105
2017,Middle,15.041278,6.0147772,7.906949,105
2012,Poorer,21.263544,8.4409437,13.248484,105
2017,Richest,12.624248,3.9767339,7.3002024,105
2007,Richer,16.630861,7.3764253,12.186941,105
2007,Poorest,27.478029,21.462181,28.362658,105
1997,Middle,22.451376,18.062675,28.96007,105
2007,Richest,16.510365,5.8630457,9.4432259,105
2003,Poorer,30.102978,14.123159,20.19305,105
2012,Richest,9.4639282,5.5989637,7.530159,105
2007,Middle,19.168962,11.172911,13.360212,105
2017,Poorer,18.547443,7.0121717,7.2932949,105
2012,Poorest,28.335773,17.972935,23.667912,105
2003,Poorest,27.53618,16.15896,33.095093,105
1997,Richer,20.329872,12.240441,19.022118,105
2012,Middle,22.850233,6.3481293,10.182085,105
1997,Poorer,25.532499,19.218161,31.773592,105
2017,Poorest,22.584658,12.906749,16.972609,105
2003,Middle,21.086477,11.702435,22.903635,105
2002,Richest,14.858687,3.4996943,3.5474157,110
2017,Poorer,6.9965806,2.9339046,5.0033536,110
2017,Middle,10.817707,1.259315,5.2334633,110
2009,Poorest,19.351257,4.2630863,12.629263,110
2023,Richest,6.7320013,1.8747809e-06,3.5445976,110
2012,Richest,5.3227596,2.703259,2.9515762,110
2009,Middle,18.279295,3.9824746,5.5359421,110
1990,Middle,22.930712,7.8158932,10.97751,110
2007,Richest,21.209948,1.9200184,3.873085,110
1997,Poorest,21.584887,6.7591105,13.765791,110
2012,Middle,10.819163,4.7920175,4.0341015,110
2009,Poorer,12.332367,3.8314891,6.3826122,110
2007,Richer,13.45272,2.0025988,3.9019194,110
1997,Richer,17.727369,6.8080611,8.1613197,110
1997,Middle,17.834238,3.6900074,12.223063,110
1990,Poorer,25.269335,6.5935745,18.253939,110
2002,Poorest,15.898078,5.1963835,12.970277,110
2023,Middle,13.609793,.13662688,5.6751766,110
2007,Poorer,15.742925,1.2843329,5.2321367,110
2023,Poorer,11.094405,.88640368,5.5355043,110
2023,Richer,3.5662029,2.3667817,4.5249805,110
2009,Richer,20.012411,9.0847292,5.9430275,110
2023,Poorest,8.7519541,2.1837711,6.8122034,110
2002,Richer,16.937851,2.6286175,3.6218681,110
1997,Poorer,18.971989,5.2558126,9.8248558,110
2017,Richest,10.904529,.94764262,4.4422665,110
1997,Richest,14.096854,1.7873285,9.312747,110
1990,Richest,17.705702,3.1668968,12.392078,110
2012,Richer,15.430085,.94713044,4.1546946,110
2009,Richest,25.249519,2.8627996,3.8380032,110
1990,Richer,19.746273,4.2147131,12.303684,110
2017,Richer,8.0309973,3.1949735,3.8231382,110
2017,Poorest,10.033156,1.5115426,7.8361368,110
2007,Poorest,16.956373,4.9848185,8.0767708,110
2002,Poorer,17.564548,7.2044921,8.7010136,110
2012,Poorest,17.277994,2.9723074,8.6398716,110
2002,Middle,20.472746,4.9756355,4.0572777,110
2007,Middle,7.43747,1.20873,5.3957896,110
2012,Poorer,9.7031231,3.8436873,4.9670887,110
1990,Poorest,25.064003,6.1391435,23.20676,110
1999,Poorer,20.730976,7.7287984,44.607807,111
1999,Poorest,36.446209,14.199859,31.070637,111
1999,Richest,31.786352,2.4308007,10.385988,111
1999,Richer,17.515554,8.3212681,9.6463757,111
1995,Middle,17.791138,12.711025,18.772301,111
1995,Poorer,12.28609,3.5958922,30.822834,111
1995,Poorest,14.849818,8.8315554,24.336967,111
1995,Richest,21.577875,4.4809289,13.521425,111
1999,Middle,34.555676,6.456996,31.206501,111
1995,Richer,29.897339,6.3409538,19.003387,111
1997,Richest,20.624918,3.4640357,25.207289,113
1997,Middle,31.440014,9.9345503,36.096569,113
1997,Richer,29.637804,14.491017,19.88706,113
2012,Poorest,21.573706,3.0849621,10.976419,113
2012,Poorer,16.335781,3.5680454,14.199766,113
2012,Middle,25.132294,4.7265649,10.0056,113
1997,Poorer,35.294121,6.1022587,37.953667,113
2012,Richer,18.242216,4.9571223,3.7058487,113
1997,Poorest,42.805958,13.145741,40.473392,113
2012,Richest,11.467573,11.839339,4.658083,113
2009,Richer,9.7679911,2.9062784,6.5211287,118
2016,Richer,14.524643,2.2867506,9.6840363,118
2009,Middle,20.551384,4.8597713,7.7751484,118
2016,Middle,9.3871422,2.2913599,10.902979,118
2009,Poorer,19.748121,6.0836554,5.4968224,118
2016,Poorest,7.9511619,3.8581967,3.1871343,118
2009,Richest,18.278658,2.8422701e-06,2.2394753,118
2009,Poorest,12.289229,6.9549799,9.1424456,118
2016,Richest,20.633232,2.0039659,0,118
2016,Poorer,12.105041,5.223012,4.5094385,118
2016,Middle,29.223,13.655274,23.18874,120
2016,Poorest,35.03442,20.896244,42.873257,120
2016,Poorer,45.828358,13.870791,29.849682,120
2016,Richer,21.685631,7.2344394,13.058952,120
2016,Richest,17.113577,3.4774339,5.3561897,120
2001,Middle,48.5835,27.219044,27.991741,121
2001,Poorer,55.988739,37.446457,31.655594,121
2006,Poorest,42.709713,26.690166,28.650845,121
2016,Poorer,33.348663,9.2547083,11.161541,121
2006,Poorer,37.821682,20.780273,23.990631,121
2022,Middle,20.828064,3.281877,5.5181541,121
2022,Poorest,26.341549,8.208725,18.51059,121
2016,Poorest,35.971245,11.178358,14.443413,121
2016,Middle,26.347391,4.2845674,15.159822,121
2011,Poorest,36.620617,13.934081,24.768707,121
2001,Richer,47.427948,24.209623,25.338318,121
2001,Richest,32.415527,14.515152,20.811382,121
2022,Richer,17.251047,5.2030902,6.0450668,121
2006,Middle,47.171761,20.892366,23.075691,121
2016,Richest,11.927498,3.8812873,8.1134014,121
2006,Richest,26.267015,6.8474278,13.613604,121
2001,Poorest,48.649788,44.398773,36.867706,121
2011,Middle,38.807991,8.2463417,16.649364,121
2006,Richer,30.833891,12.359961,19.820547,121
2022,Poorer,30.553934,9.1247101,10.6513,121
2011,Poorer,39.870041,10.648305,15.895172,121
2011,Richer,36.898689,6.0605788,16.283504,121
2022,Richest,13.198008,1.0205498,1.5489388,121
2011,Richest,18.601721,3.4316766,13.477678,121
2016,Richer,19.59734,5.1037078,11.012529,121
1991,Poorer,59.181995,38.203754,49.477703,124
2012,Poorer,66.651176,18.50493,30.30999,124
2017,Middle,44.077,14.517889,23.272968,124
1991,Richer,53.050659,19.71595,42.569145,124
2006,Middle,51.494755,16.290197,22.250797,124
1991,Middle,65.138451,25.518423,44.181519,124
1991,Poorest,52.678162,35.812115,35.956207,124
2012,Richest,34.111809,4.3994637,9.9690208,124
2012,Poorest,61.623333,28.71575,28.401081,124
2017,Poorest,50.580917,23.621899,25.657425,124
2006,Poorest,62.716488,26.830423,31.239361,124
2017,Poorer,47.874729,11.1285,23.021389,124
2006,Richer,46.994579,12.686677,19.712513,124
2012,Richer,54.575947,9.3114004,20.101452,124
2017,Richer,34.005856,6.1870918,17.470734,124
2006,Poorer,59.618301,15.158779,27.501228,124
1991,Richest,33.225464,11.297003,29.255104,124
2006,Richest,38.341545,7.3759875,14.228588,124
2017,Richest,42.661465,3.7698565,9.8782234,124
2012,Middle,63.303898,13.56254,21.382473,124
1993,Poorest,22.702675,40.244438,30.921928,126
2003,Poorer,18.78269,14.970024,13.363848,126
2022,Poorest,14.079949,10.732274,9.9394579,126
2013,Richest,8.5474167,4.1638651,4.0060425,126
2017,Richest,7.5919456,2.0193794,1.557023,126
1993,Richest,16.484056,7.6083493,8.6584225,126
2008,Middle,15.373142,7.3336329,8.9534283,126
1993,Richer,14.626579,11.14647,11.421766,126
2013,Richer,14.917842,1.9563063,5.6481714,126
2008,Poorest,20.127127,18.637344,19.737711,126
2003,Richest,13.131378,1.1598448,6.3436909,126
2022,Poorer,12.562744,5.8924809,4.1534996,126
2022,Richer,4.9950466,2.1854403,5.7327299,126
2022,Richest,4.4337201,1.4516512,1.7650542,126
2013,Middle,8.2901239,5.6710424,8.3693285,126
2008,Poorer,19.448751,8.7019253,9.83078,126
2017,Poorer,17.232538,6.3861971,5.77178,126
2017,Poorest,17.905193,11.274192,12.803776,126
2017,Middle,14.762892,4.9326305,11.674717,126
2003,Richer,14.78907,3.5904639,7.3746891,126
2013,Poorer,13.048399,10.663105,9.3263111,126
2003,Poorest,21.139751,24.28966,20.851871,126
1993,Poorer,18.267061,30.98797,25.279551,126
2003,Middle,15.32519,5.7739191,10.468357,126
2013,Poorest,19.414244,16.035202,16.891443,126
1993,Middle,16.086269,23.707636,15.390053,126
2017,Richer,6.0034046,1.5158126,4.5771837,126
2022,Middle,15.34619,2.2588582,7.2142916,126
2008,Richer,14.72402,4.1457443,7.8773003,126
2008,Richest,9.9460735,2.0806205,5.0696402,126
2023,Middle,10.976368,2.4259763,13.196037,134
2017,Richest,12.014524,2.4354005,5.9695196,134
2017,Richer,12.504225,2.5362823,7.8299313,134
2012,Richest,14.538667,7.6161137,15.723926,134
2017,Poorer,19.365461,9.9825001,12.686163,134
2023,Richer,7.3803606,3.3759952,10.166129,134
2012,Middle,22.16527,10.117038,18.05409,134
2012,Poorest,18.463091,12.149087,27.026575,134
2012,Richer,18.253897,6.1185999,12.064024,134
2012,Poorer,24.590279,12.563052,18.743427,134
2023,Poorest,5.5309029,5.6491284,8.8276262,134
2017,Middle,10.629811,8.0508957,14.38724,134
2023,Poorer,9.0487785,6.6646309,11.032045,134
2023,Richest,11.615894,2.3557086,6.4237652,134
2017,Poorest,19.645828,7.1215472,19.880692,134
2009,Poorer,30.347414,26.487621,37.501671,136
2009,Poorest,24.054266,25.795835,37.455475,136
2016,Richest,16.589514,4.9188542,3.6121254,136
2016,Poorest,16.833576,19.095072,18.833675,136
2016,Middle,17.284908,8.9334831,15.161812,136
2016,Richer,12.389723,7.8576427,13.487619,136
2009,Richest,21.739546,14.650187,15.894773,136
2009,Middle,29.317686,29.81636,29.669313,136
2009,Richer,25.397346,25.230097,30.251019,136
2016,Poorer,21.078728,11.349114,13.71133,136
2013,Poorest,11.172255,5.2503037,11.465839,138
1993,Poorer,34.322208,11.251615,38.419018,138
2003,Richest,10.393135,5.3160653,6.7618904,138
2003,Richer,18.606525,4.6541271,6.2729492,138
1993,Middle,42.977489,11.144107,29.062229,138
1998,Richest,23.92864,2.7868078,5.860014,138
1998,Richer,30.721272,9.6943188,6.8263626,138
2008,Middle,11.308191,6.7108583,8.3670425,138
1998,Middle,25.649139,11.199955,16.478535,138
2008,Richest,5.7850027,6.3117752,6.3535395,138
2018,Poorest,10.070199,.75626856,9.6316786,138
1993,Richer,37.847015,7.3937378,16.539227,138
2003,Middle,20.26466,6.2659078,10.349091,138
2008,Richer,12.346624,6.8510661,5.4692287,138
1998,Poorest,26.333395,16.772768,41.920204,138
2003,Poorest,27.507067,17.992901,35.194328,138
2013,Richer,7.7443495,.33884808,8.2147141,138
2018,Poorer,9.3407469,2.1793082,7.7801428,138
2008,Poorest,22.353975,10.546672,18.884634,138
2018,Richest,1.0443076,0,.5858078,138
2013,Poorer,12.972537,2.8286848,7.5798235,138
1998,Poorer,32.679989,12.794827,21.966972,138
2003,Poorer,24.154266,7.3579974,19.477348,138
2008,Poorer,17.958536,5.5496964,8.8242722,138
1993,Poorest,47.902706,24.7332,52.008602,138
2018,Richer,14.319618,1.9059274,8.4736042,138
1993,Richest,18.232542,1.7000045,7.16325,138
2018,Middle,5.4784598,.31119049,6.9986081,138
2013,Middle,10.921216,3.1100731,7.2000532,138
2013,Richest,1.822637,.3363294,5.9366193,138
1996,Poorest,27.055635,15.863501,27.375441,140
1996,Middle,16.059713,19.47773,19.892607,140
1996,Richer,21.811436,12.632915,17.227001,140
1996,Poorer,15.981919,4.0763736,23.770988,140
1996,Richest,29.023071,4.5340257,16.840904,140
1997,Poorest,22.980253,20.507267,19.814451,141
1997,Richer,18.423578,10.980445,8.7935066,141
1997,Middle,23.458195,6.6485949,11.721184,141
1997,Richest,14.514686,6.1170444,2.402482,141
1997,Poorer,28.197861,8.6040621,14.99057,141
2013,Middle,25.224936,8.7855005,22.267389,142
2013,Richer,22.549055,8.2611265,15.463968,142
2013,Richest,22.354052,4.8199553,10.644339,142
2013,Poorer,32.234798,13.520544,25.842777,142
2013,Poorest,28.533245,15.822097,24.778912,142
2008,Poorer,6.3870411,2.7173066,4.0102205,143
2017,Poorest,5.2105098,2.2954371,6.8140492,143
2008,Middle,17.06712,1.5784061,5.8003693,143
2017,Richest,.38388029,5.8600170e-07,4.4703484e-07,143
2017,Middle,1.6162069,.54035485,0,143
2017,Richer,2.7480414,0,0,143
2008,Poorest,8.3293934,5.6659632,20.411079,143
2008,Richer,9.7863703,3.0240149,7.6029711,143
2017,Poorer,5.9782724,0,1.0235486,143
2008,Richest,8.5814037,0,4.5721283,143
2005,Middle,19.851149,4.5216269,8.7237835,174
2005,Poorest,9.9295101,8.5360794,10.373043,174
2005,Richer,16.048626,3.3906956,3.0521679,174
2005,Poorer,13.216552,7.6907239,7.3291407,174
2005,Richest,10.642256,.92901409,5.5059967,174
2007,Richest,7.4706407,1.0402790e-09,1.0926766,191
2007,Richer,19.791862,1.784881,3.6063976,191
2007,Poorer,9.3526821,2.8105493,6.6949711,191
2007,Middle,13.218607,3.3129058,6.1630096,191
2007,Poorest,10.716337,4.8736658,7.7869759,191
1998,Richest,16.519335,6.4214735,9.0182629,200
2003,Poorest,45.469967,31.865349,41.81226,200
2008,Poorer,32.987312,20.806458,32.392105,200
2003,Middle,29.987261,23.970457,33.26429,200
1998,Poorest,55.283245,39.937054,51.24194,200
2003,Richer,22.501156,19.734509,28.424713,200
1994,Poorest,59.504288,60.914833,55.768135,200
2003,Poorer,41.779312,32.837173,40.192398,200
1994,Richer,25.026659,40.491333,38.57206,200
1998,Middle,31.846004,28.480862,43.6059,200
1994,Middle,38.15519,46.490879,54.603539,200
2008,Poorest,49.594158,27.654709,39.008236,200
2008,Middle,23.394569,18.890631,25.270515,200
2003,Richest,18.236757,4.8309789,14.06996,200
2008,Richer,19.733454,8.9440956,17.228586,200
1998,Richer,18.610666,9.1965914,20.004271,200
1994,Poorer,46.160404,51.244274,49.833073,200
1994,Richest,21.140583,14.364956,17.295952,200
2008,Richest,16.556505,5.1308656,9.7037811,200
1998,Poorer,42.409309,29.885822,42.577393,200
1996,Poorest,31.358152,15.690709,51.826035,202
1996,Poorer,24.073318,9.2647467,22.667377,202
1996,Middle,18.350447,6.2608094,14.539484,202
1996,Richer,13.046421,2.0362349,11.632925,202
1996,Richest,16.697592,4.7624006,11.861099,202
1990,Middle,15.884108,6.2380385,8.7347794,206
2015,Middle,7.2105966,1.307923,3.2328,206
1990,Richer,15.769303,5.4412026,8.6618986,206
2000,Middle,14.402008,2.0973237,7.6168842,206
2000,Poorest,16.687273,7.0147576,15.348173,206
2005,Richest,11.064918,1.456758,3.3350773,206
2005,Poorer,16.512672,3.4403319,7.3239841,206
2015,Richer,9.5232658,2.9202392,4.3115454,206
2010,Richest,9.7035875,.65856671,2.2217979,206
1990,Poorest,12.786188,10.600282,21.33745,206
2015,Poorest,12.095602,5.3361421,9.7301273,206
2000,Richest,13.997122,2.5585606,3.6021156,206
2005,Middle,12.041409,3.0990441,8.8542662,206
1995,Middle,13.597472,3.6948116,13.427228,206
2010,Middle,11.712319,2.0999351,5.8175611,206
2010,Richer,13.542364,2.192719,3.8478279,206
2000,Poorer,23.947388,3.0170386,7.6961422,206
2010,Poorer,9.2316427,3.7620783,9.3790636,206
2015,Richest,4.7167368,1.4617354,.64403152,206
2005,Poorest,18.889435,7.057385,13.150631,206
1995,Poorer,19.181305,5.7105122,12.190775,206
1995,Richest,14.913135,7.3584852,1.3001394,206
1990,Richest,18.035521,5.5046816,3.139164,206
2010,Poorest,13.680496,7.7010803,7.8512859,206
1995,Richer,25.850927,3.3751626,5.6342506,206
1990,Poorer,14.27527,10.756162,13.049798,206
2005,Richer,10.008458,1.7161499,4.1434183,206
2000,Richer,9.4616098,2.3010042,2.4490719,206
1995,Poorest,26.547783,11.34092,14.224094,206
2015,Poorer,12.463535,2.3513038,8.6433811,206
1996,Richer,24.411161,3.841341,9.0507412,211
1996,Richest,16.920576,3.1166162,6.5128841,211
1999,Richest,6.1403241,5.1121783e-06,3.8146973e-06,211
2002,Middle,24.16124,7.6446509,11.458778,211
1999,Middle,20.642292,6.2302055,24.284908,211
2013,Poorer,26.441568,3.2516062,12.901808,211
2007,Poorer,13.720621,16.76832,18.712561,211
1996,Poorer,25.181604,18.48192,29.347227,211
2007,Poorest,30.463013,17.219175,21.518761,211
1999,Poorest,37.481697,16.023727,28.321777,211
2007,Richer,32.35424,12.801472,7.0051384,211
2007,Richest,0,0,0,211
2007,Middle,22.011408,2.6279032,8.7167988,211
2007,Poorest,23.91844,9.9415226,19.16958,211
2002,Poorest,25.639521,15.423908,24.532633,211
1999,Richer,11.344246,19.861721,6.7316055,211
2007,Poorer,24.606325,4.676878,10.367678,211
2002,Richest,15.925881,2.2151804,4.0627527,211
2013,Poorest,25.598465,5.3161755,11.131115,211
2002,Richer,16.166216,6.308898,8.1797085,211
2002,Poorer,22.932734,9.1970625,14.137568,211
2007,Middle,18.821348,0,5.5132866,211
2013,Richer,17.588507,1.1427983,2.5204296,211
1999,Poorer,14.723594,5.4907131,22.820786,211
1996,Middle,28.806068,7.8169069,23.471161,211
2013,Richest,8.8441229,3.6491947,4.5063133,211
2007,Richest,17.550579,1.7435293,8.3229389,211
1996,Poorest,37.64835,23.179399,29.046627,211
2013,Middle,26.65513,3.2546747,9.0236874,211
2007,Richer,18.146772,1.892169,4.8016739,211
2015,Poorest,24.073549,14.911456,17.051104,218
1995,Poorest,29.348801,32.137539,27.53923,218
1999,Richest,29.399294,.096095838,9.7848911,218
1995,Richer,27.30641,14.033394,19.37866,218
1999,Poorest,27.665632,19.548552,30.35383,218
2015,Richer,17.642948,2.5282683,7.2313366,218
1999,Middle,26.044046,23.727253,26.099279,218
1995,Richest,17.983234,2.8418775,17.032303,218
2015,Middle,15.713962,7.3767996,12.512122,218
1995,Poorer,35.669365,23.206232,43.994072,218
1999,Poorer,25.527893,20.550974,25.260265,218
2015,Poorer,14.060942,10.675958,16.289713,218
1999,Richer,20.234947,7.3165245,19.318081,218
2015,Richest,12.815374,2.6278362,4.6251125,218
1995,Middle,28.411076,26.286966,27.298611,218
2009,Richest,25.065832,0,19.011606,219
2009,Poorer,27.513643,10.554008,8.7037525,219
2005,Poorest,21.710142,4.5018277,13.220602,219
2005,Middle,20.717829,3.4819646,10.189564,219
2009,Middle,27.408524,0,6.364254,219
2009,Poorest,13.881829,7.0269461,11.217776,219
2009,Richer,20.325806,1.1205249,21.602894,219
2005,Poorer,30.928677,11.738721,7.7447128,219
2005,Richest,84.981125,1.4103473,15.733643,219
2005,Richer,19.157911,0,4.5351772,219
1994,Richest,30.921036,31.23889,43.390686,220
2006,Richest,18.843472,9.8805151,26.175793,220
2000,Richest,38.289482,11.48943,58.925514,220
1994,Poorer,41.823845,56.41246,51.739784,220
2006,Poorest,23.928694,46.767212,54.229233,220
2006,Poorer,38.003395,37.280499,38.8442,220
2012,Poorest,32.066551,41.697559,30.026646,220
2006,Richer,28.472292,24.636311,29.998377,220
2000,Poorer,30.108976,73.493622,39.914108,220
2016,Richer,37.013535,24.283234,27.04287,220
1994,Poorest,47.248676,69.477303,46.493198,220
2012,Richest,26.743105,11.713969,23.816259,220
2000,Poorest,43.980644,64.237961,56.195557,220
2016,Middle,29.952084,25.002142,22.775593,220
2012,Middle,32.859238,29.574095,33.856003,220
2012,Richer,37.201046,24.669447,35.686207,220
2016,Poorest,27.583624,30.400499,35.236259,220
2016,Poorer,32.814091,27.545706,27.00106,220
1994,Richer,31.954412,48.791382,49.728111,220
2000,Richer,29.790293,31.343567,58.556625,220
2000,Middle,38.349464,47.087624,55.09726,220
2012,Poorer,28.675188,26.968466,32.549286,220
2016,Richest,31.327036,10.502427,16.75141,220
2006,Middle,39.402081,30.352489,40.09708,220
1994,Middle,33.624138,51.428753,51.964035,220
2005,Middle,17.517256,11.016207,10.004204,221
2011,Poorest,19.004955,8.8906279,11.015053,221
2011,Middle,15.609928,6.3294816,6.9991646,221
2005,Poorer,21.683653,11.139784,14.307745,221
2005,Poorest,21.470264,13.22318,15.451935,221
2005,Richest,15.352923,1.1600405,3.4492846,221
2011,Richest,12.527675,2.6450477,5.0741682,221
2011,Richer,18.991863,4.180747,4.6789646,221
2005,Richer,12.148493,2.063216,8.1059456,221
2011,Poorer,15.246398,5.2696753,6.4000216,221
2001,Richest,12.773536,2.8865087,3.5210085,226
1998,Richest,15.13133,3.9184151,10.624791,226
2001,Poorest,21.108444,14.663754,28.472294,226
1998,Richer,21.486216,8.2611322,18.704199,226
2001,Poorer,20.117561,11.61028,20.490906,226
1998,Poorer,20.788252,12.826873,32.939301,226
2001,Middle,14.949178,6.3746171,17.285076,226
1998,Poorest,23.532801,18.003822,27.200846,226
2001,Richer,10.783271,6.745193,14.886926,226
1998,Middle,17.488768,6.838553,28.212114,226
1990,Poorer,19.564552,13.516332,16.912323,228
1990,Richest,8.7580919,4.4087625,6.9747753,228
1990,Richer,16.722515,5.9073105,16.756794,228
1990,Poorest,23.508345,14.326747,19.389723,228
1990,Middle,27.330538,12.89466,18.746542,228
2010,Richest,7.118937,.45230299,1.9871268,229
1996,Poorest,40.557701,31.609884,37.774498,229
2009,Poorest,17.28587,11.064579,19.037773,229
2000,Richest,10.1487,3.6671515,3.7605715,229
2000,Poorest,31.338146,29.088783,32.186619,229
2004,Richer,13.589725,4.5584931,5.3730631,229
2012,Poorest,16.166935,8.6163692,11.040154,229
1992,Poorer,29.732922,37.025715,43.451725,229
2012,Poorer,14.870555,8.5531673,7.7784395,229
2000,Richer,15.854855,8.0444937,10.617159,229
2004,Poorer,17.416964,13.82857,15.140421,229
2010,Middle,11.703156,5.4008098,9.5590029,229
2012,Middle,13.402905,3.3812523,3.7856121,229
2004,Poorest,22.587982,13.542694,22.710079,229
1992,Richest,14.379411,6.3029637,9.7613001,229
2000,Poorer,28.758089,21.598551,25.143095,229
2011,Poorest,15.496728,12.958155,15.674071,229
2004,Middle,12.872558,6.4265471,10.626769,229
2004,Richest,4.2382379,4.9468136,2.9063554,229
1996,Richest,12.869659,2.5600605,6.64715,229
2011,Richer,5.4113884,1.3291254,6.1417704,229
2011,Richest,8.3416214,0,2.9585028,229
1996,Poorer,25.827599,22.629354,27.745979,229
2009,Poorer,15.843773,8.6556854,14.208998,229
2009,Richest,7.205462,5.4775672,2.4775949,229
2009,Richer,4.5845799,2.1516907,4.6974902,229
2012,Richer,8.6700144,4.3665781,3.1983967,229
1992,Richer,20.434208,11.047273,17.312244,229
2010,Poorer,12.870635,9.1875105,11.79708,229
1992,Poorest,45.940262,44.767166,45.40818,229
2011,Middle,7.8068376,1.0811551,9.6781139,229
2012,Richest,5.6424499,.41501468,8.1575413,229
2009,Middle,14.309749,5.0978103,8.3652372,229
2010,Poorest,14.173282,10.829441,14.016082,229
1996,Richer,22.070028,8.1000032,13.943712,229
2011,Poorer,9.8800898,8.3546314,12.055791,229
2000,Middle,15.963578,11.305146,16.599552,229
2010,Richer,5.8590584,3.6305101,5.0437374,229
1996,Middle,17.957745,13.582179,16.448402,229
1992,Middle,22.35556,16.523058,28.374226,229
2017,Poorer,27.089813,18.237698,16.068905,263
2017,Middle,20.207582,9.3734455,16.402369,263
2017,Richest,19.69281,8.560214,7.6631355,263
2017,Poorest,28.658693,22.141808,18.324163,263
2017,Richer,21.520805,10.584333,9.7881851,263
